-- MySQL dump 10.13  Distrib 8.0.33, for Win64 (x86_64)
--
-- Host: localhost    Database: muonroi
-- ------------------------------------------------------
-- Server version	8.0.33

/*!40101 SET @OLD_CHARACTER_SET_CLIENT=@@CHARACTER_SET_CLIENT */;
/*!40101 SET @OLD_CHARACTER_SET_RESULTS=@@CHARACTER_SET_RESULTS */;
/*!40101 SET @OLD_COLLATION_CONNECTION=@@COLLATION_CONNECTION */;
/*!50503 SET NAMES utf8mb4 */;
/*!40103 SET @OLD_TIME_ZONE=@@TIME_ZONE */;
/*!40103 SET TIME_ZONE='+00:00' */;
/*!40014 SET @OLD_UNIQUE_CHECKS=@@UNIQUE_CHECKS, UNIQUE_CHECKS=0 */;
/*!40014 SET @OLD_FOREIGN_KEY_CHECKS=@@FOREIGN_KEY_CHECKS, FOREIGN_KEY_CHECKS=0 */;
/*!40101 SET @OLD_SQL_MODE=@@SQL_MODE, SQL_MODE='NO_AUTO_VALUE_ON_ZERO' */;
/*!40111 SET @OLD_SQL_NOTES=@@SQL_NOTES, SQL_NOTES=0 */;

--
-- Table structure for table `admin_permissions`
--

DROP TABLE IF EXISTS `admin_permissions`;
/*!40101 SET @saved_cs_client     = @@character_set_client */;
/*!50503 SET character_set_client = utf8mb4 */;
CREATE TABLE `admin_permissions` (
  `id` int unsigned NOT NULL AUTO_INCREMENT,
  `action` varchar(255) DEFAULT NULL,
  `subject` varchar(255) DEFAULT NULL,
  `properties` json DEFAULT NULL,
  `conditions` json DEFAULT NULL,
  `created_at` datetime(6) DEFAULT NULL,
  `updated_at` datetime(6) DEFAULT NULL,
  `created_by_id` int unsigned DEFAULT NULL,
  `updated_by_id` int unsigned DEFAULT NULL,
  PRIMARY KEY (`id`),
  KEY `admin_permissions_created_by_id_fk` (`created_by_id`),
  KEY `admin_permissions_updated_by_id_fk` (`updated_by_id`),
  CONSTRAINT `admin_permissions_created_by_id_fk` FOREIGN KEY (`created_by_id`) REFERENCES `admin_users` (`id`) ON DELETE SET NULL,
  CONSTRAINT `admin_permissions_updated_by_id_fk` FOREIGN KEY (`updated_by_id`) REFERENCES `admin_users` (`id`) ON DELETE SET NULL
) ENGINE=InnoDB AUTO_INCREMENT=89 DEFAULT CHARSET=utf8mb4 COLLATE=utf8mb4_0900_ai_ci;
/*!40101 SET character_set_client = @saved_cs_client */;

--
-- Dumping data for table `admin_permissions`
--

LOCK TABLES `admin_permissions` WRITE;
/*!40000 ALTER TABLE `admin_permissions` DISABLE KEYS */;
INSERT INTO `admin_permissions` VALUES (1,'plugin::upload.read',NULL,'{}','[]','2023-09-05 23:05:03.194000','2023-09-05 23:05:03.194000',NULL,NULL),(2,'plugin::upload.configure-view',NULL,'{}','[]','2023-09-05 23:05:03.200000','2023-09-05 23:05:03.200000',NULL,NULL),(3,'plugin::upload.assets.create',NULL,'{}','[]','2023-09-05 23:05:03.209000','2023-09-05 23:05:03.209000',NULL,NULL),(4,'plugin::upload.assets.update',NULL,'{}','[]','2023-09-05 23:05:03.215000','2023-09-05 23:05:03.215000',NULL,NULL),(5,'plugin::upload.assets.download',NULL,'{}','[]','2023-09-05 23:05:03.221000','2023-09-05 23:05:03.221000',NULL,NULL),(6,'plugin::upload.assets.copy-link',NULL,'{}','[]','2023-09-05 23:05:03.226000','2023-09-05 23:05:03.226000',NULL,NULL),(7,'plugin::upload.read',NULL,'{}','[\"admin::is-creator\"]','2023-09-05 23:05:03.232000','2023-09-05 23:05:03.232000',NULL,NULL),(8,'plugin::upload.configure-view',NULL,'{}','[]','2023-09-05 23:05:03.239000','2023-09-05 23:05:03.239000',NULL,NULL),(9,'plugin::upload.assets.create',NULL,'{}','[]','2023-09-05 23:05:03.243000','2023-09-05 23:05:03.243000',NULL,NULL),(10,'plugin::upload.assets.update',NULL,'{}','[\"admin::is-creator\"]','2023-09-05 23:05:03.247000','2023-09-05 23:05:03.247000',NULL,NULL),(11,'plugin::upload.assets.download',NULL,'{}','[]','2023-09-05 23:05:03.253000','2023-09-05 23:05:03.253000',NULL,NULL),(12,'plugin::upload.assets.copy-link',NULL,'{}','[]','2023-09-05 23:05:03.259000','2023-09-05 23:05:03.259000',NULL,NULL),(13,'plugin::content-manager.explorer.create','plugin::users-permissions.user','{\"fields\": [\"username\", \"email\", \"provider\", \"password\", \"resetPasswordToken\", \"confirmationToken\", \"confirmed\", \"blocked\", \"role\"]}','[]','2023-09-05 23:05:03.280000','2023-09-05 23:05:03.280000',NULL,NULL),(14,'plugin::content-manager.explorer.read','plugin::users-permissions.user','{\"fields\": [\"username\", \"email\", \"provider\", \"password\", \"resetPasswordToken\", \"confirmationToken\", \"confirmed\", \"blocked\", \"role\"]}','[]','2023-09-05 23:05:03.286000','2023-09-05 23:05:03.286000',NULL,NULL),(15,'plugin::content-manager.explorer.update','plugin::users-permissions.user','{\"fields\": [\"username\", \"email\", \"provider\", \"password\", \"resetPasswordToken\", \"confirmationToken\", \"confirmed\", \"blocked\", \"role\"]}','[]','2023-09-05 23:05:03.292000','2023-09-05 23:05:03.292000',NULL,NULL),(16,'plugin::content-manager.explorer.delete','plugin::users-permissions.user','{}','[]','2023-09-05 23:05:03.296000','2023-09-05 23:05:03.296000',NULL,NULL),(17,'plugin::content-manager.single-types.configure-view',NULL,'{}','[]','2023-09-05 23:05:03.302000','2023-09-05 23:05:03.302000',NULL,NULL),(18,'plugin::content-manager.collection-types.configure-view',NULL,'{}','[]','2023-09-05 23:05:03.308000','2023-09-05 23:05:03.308000',NULL,NULL),(19,'plugin::content-manager.components.configure-layout',NULL,'{}','[]','2023-09-05 23:05:03.313000','2023-09-05 23:05:03.313000',NULL,NULL),(20,'plugin::content-type-builder.read',NULL,'{}','[]','2023-09-05 23:05:03.318000','2023-09-05 23:05:03.318000',NULL,NULL),(21,'plugin::email.settings.read',NULL,'{}','[]','2023-09-05 23:05:03.325000','2023-09-05 23:05:03.325000',NULL,NULL),(22,'plugin::upload.read',NULL,'{}','[]','2023-09-05 23:05:03.332000','2023-09-05 23:05:03.332000',NULL,NULL),(23,'plugin::upload.assets.create',NULL,'{}','[]','2023-09-05 23:05:03.339000','2023-09-05 23:05:03.339000',NULL,NULL),(24,'plugin::upload.assets.update',NULL,'{}','[]','2023-09-05 23:05:03.344000','2023-09-05 23:05:03.344000',NULL,NULL),(25,'plugin::upload.assets.download',NULL,'{}','[]','2023-09-05 23:05:03.348000','2023-09-05 23:05:03.348000',NULL,NULL),(26,'plugin::upload.assets.copy-link',NULL,'{}','[]','2023-09-05 23:05:03.355000','2023-09-05 23:05:03.355000',NULL,NULL),(27,'plugin::upload.configure-view',NULL,'{}','[]','2023-09-05 23:05:03.360000','2023-09-05 23:05:03.360000',NULL,NULL),(28,'plugin::upload.settings.read',NULL,'{}','[]','2023-09-05 23:05:03.365000','2023-09-05 23:05:03.365000',NULL,NULL),(29,'plugin::users-permissions.roles.create',NULL,'{}','[]','2023-09-05 23:05:03.372000','2023-09-05 23:05:03.372000',NULL,NULL),(30,'plugin::users-permissions.roles.read',NULL,'{}','[]','2023-09-05 23:05:03.377000','2023-09-05 23:05:03.377000',NULL,NULL),(31,'plugin::users-permissions.roles.update',NULL,'{}','[]','2023-09-05 23:05:03.381000','2023-09-05 23:05:03.381000',NULL,NULL),(32,'plugin::users-permissions.roles.delete',NULL,'{}','[]','2023-09-05 23:05:03.388000','2023-09-05 23:05:03.388000',NULL,NULL),(33,'plugin::users-permissions.providers.read',NULL,'{}','[]','2023-09-05 23:05:03.393000','2023-09-05 23:05:03.393000',NULL,NULL),(34,'plugin::users-permissions.providers.update',NULL,'{}','[]','2023-09-05 23:05:03.399000','2023-09-05 23:05:03.399000',NULL,NULL),(35,'plugin::users-permissions.email-templates.read',NULL,'{}','[]','2023-09-05 23:05:03.405000','2023-09-05 23:05:03.405000',NULL,NULL),(36,'plugin::users-permissions.email-templates.update',NULL,'{}','[]','2023-09-05 23:05:03.411000','2023-09-05 23:05:03.411000',NULL,NULL),(37,'plugin::users-permissions.advanced-settings.read',NULL,'{}','[]','2023-09-05 23:05:03.415000','2023-09-05 23:05:03.415000',NULL,NULL),(38,'plugin::users-permissions.advanced-settings.update',NULL,'{}','[]','2023-09-05 23:05:03.423000','2023-09-05 23:05:03.423000',NULL,NULL),(39,'plugin::i18n.locale.create',NULL,'{}','[]','2023-09-05 23:05:03.427000','2023-09-05 23:05:03.427000',NULL,NULL),(40,'plugin::i18n.locale.read',NULL,'{}','[]','2023-09-05 23:05:03.432000','2023-09-05 23:05:03.432000',NULL,NULL),(41,'plugin::i18n.locale.update',NULL,'{}','[]','2023-09-05 23:05:03.439000','2023-09-05 23:05:03.439000',NULL,NULL),(42,'plugin::i18n.locale.delete',NULL,'{}','[]','2023-09-05 23:05:03.445000','2023-09-05 23:05:03.445000',NULL,NULL),(43,'admin::marketplace.read',NULL,'{}','[]','2023-09-05 23:05:03.453000','2023-09-05 23:05:03.453000',NULL,NULL),(44,'admin::webhooks.create',NULL,'{}','[]','2023-09-05 23:05:03.460000','2023-09-05 23:05:03.460000',NULL,NULL),(45,'admin::webhooks.read',NULL,'{}','[]','2023-09-05 23:05:03.467000','2023-09-05 23:05:03.467000',NULL,NULL),(46,'admin::webhooks.update',NULL,'{}','[]','2023-09-05 23:05:03.474000','2023-09-05 23:05:03.474000',NULL,NULL),(47,'admin::webhooks.delete',NULL,'{}','[]','2023-09-05 23:05:03.480000','2023-09-05 23:05:03.480000',NULL,NULL),(48,'admin::users.create',NULL,'{}','[]','2023-09-05 23:05:03.485000','2023-09-05 23:05:03.485000',NULL,NULL),(49,'admin::users.read',NULL,'{}','[]','2023-09-05 23:05:03.491000','2023-09-05 23:05:03.491000',NULL,NULL),(50,'admin::users.update',NULL,'{}','[]','2023-09-05 23:05:03.496000','2023-09-05 23:05:03.496000',NULL,NULL),(51,'admin::users.delete',NULL,'{}','[]','2023-09-05 23:05:03.501000','2023-09-05 23:05:03.501000',NULL,NULL),(52,'admin::roles.create',NULL,'{}','[]','2023-09-05 23:05:03.507000','2023-09-05 23:05:03.507000',NULL,NULL),(53,'admin::roles.read',NULL,'{}','[]','2023-09-05 23:05:03.512000','2023-09-05 23:05:03.512000',NULL,NULL),(54,'admin::roles.update',NULL,'{}','[]','2023-09-05 23:05:03.516000','2023-09-05 23:05:03.516000',NULL,NULL),(55,'admin::roles.delete',NULL,'{}','[]','2023-09-05 23:05:03.522000','2023-09-05 23:05:03.522000',NULL,NULL),(56,'admin::api-tokens.access',NULL,'{}','[]','2023-09-05 23:05:03.527000','2023-09-05 23:05:03.527000',NULL,NULL),(57,'admin::api-tokens.create',NULL,'{}','[]','2023-09-05 23:05:03.532000','2023-09-05 23:05:03.532000',NULL,NULL),(58,'admin::api-tokens.read',NULL,'{}','[]','2023-09-05 23:05:03.538000','2023-09-05 23:05:03.538000',NULL,NULL),(59,'admin::api-tokens.update',NULL,'{}','[]','2023-09-05 23:05:03.543000','2023-09-05 23:05:03.543000',NULL,NULL),(60,'admin::api-tokens.regenerate',NULL,'{}','[]','2023-09-05 23:05:03.550000','2023-09-05 23:05:03.550000',NULL,NULL),(61,'admin::api-tokens.delete',NULL,'{}','[]','2023-09-05 23:05:03.556000','2023-09-05 23:05:03.556000',NULL,NULL),(62,'admin::project-settings.update',NULL,'{}','[]','2023-09-05 23:05:03.561000','2023-09-05 23:05:03.561000',NULL,NULL),(63,'admin::project-settings.read',NULL,'{}','[]','2023-09-05 23:05:03.565000','2023-09-05 23:05:03.565000',NULL,NULL),(64,'admin::transfer.tokens.access',NULL,'{}','[]','2023-09-05 23:05:03.572000','2023-09-05 23:05:03.572000',NULL,NULL),(65,'admin::transfer.tokens.create',NULL,'{}','[]','2023-09-05 23:05:03.577000','2023-09-05 23:05:03.577000',NULL,NULL),(66,'admin::transfer.tokens.read',NULL,'{}','[]','2023-09-05 23:05:03.581000','2023-09-05 23:05:03.581000',NULL,NULL),(67,'admin::transfer.tokens.update',NULL,'{}','[]','2023-09-05 23:05:03.589000','2023-09-05 23:05:03.589000',NULL,NULL),(68,'admin::transfer.tokens.regenerate',NULL,'{}','[]','2023-09-05 23:05:03.597000','2023-09-05 23:05:03.597000',NULL,NULL),(69,'admin::transfer.tokens.delete',NULL,'{}','[]','2023-09-05 23:05:03.604000','2023-09-05 23:05:03.604000',NULL,NULL),(70,'plugin::content-manager.explorer.create','api::category.category','{\"fields\": [\"categoryName\", \"description\"]}','[]','2023-09-05 23:07:18.912000','2023-09-05 23:07:18.912000',NULL,NULL),(71,'plugin::content-manager.explorer.read','api::category.category','{\"fields\": [\"categoryName\", \"description\"]}','[]','2023-09-05 23:07:18.920000','2023-09-05 23:07:18.920000',NULL,NULL),(72,'plugin::content-manager.explorer.update','api::category.category','{\"fields\": [\"categoryName\", \"description\"]}','[]','2023-09-05 23:07:18.925000','2023-09-05 23:07:18.925000',NULL,NULL),(73,'plugin::content-manager.explorer.delete','api::category.category','{}','[]','2023-09-05 23:07:18.930000','2023-09-05 23:07:18.930000',NULL,NULL),(75,'plugin::content-manager.explorer.create','api::product.product','{\"fields\": [\"productName\", \"description\", \"detail\", \"price\", \"image\", \"category\"]}','[]','2023-09-05 23:27:26.535000','2023-09-05 23:27:26.535000',NULL,NULL),(76,'plugin::content-manager.explorer.read','api::product.product','{\"fields\": [\"productName\", \"description\", \"detail\", \"price\", \"image\", \"category\"]}','[]','2023-09-05 23:27:26.543000','2023-09-05 23:27:26.543000',NULL,NULL),(77,'plugin::content-manager.explorer.update','api::product.product','{\"fields\": [\"productName\", \"description\", \"detail\", \"price\", \"image\", \"category\"]}','[]','2023-09-05 23:27:26.550000','2023-09-05 23:27:26.550000',NULL,NULL),(78,'plugin::content-manager.explorer.delete','api::product.product','{}','[]','2023-09-05 23:27:26.556000','2023-09-05 23:27:26.556000',NULL,NULL),(79,'plugin::content-manager.explorer.publish','api::product.product','{}','[]','2023-09-05 23:27:26.561000','2023-09-05 23:27:26.561000',NULL,NULL),(80,'plugin::documentation.read',NULL,'{}','[]','2023-09-05 23:52:36.137000','2023-09-05 23:52:36.137000',NULL,NULL),(81,'plugin::documentation.settings.update',NULL,'{}','[]','2023-09-05 23:52:36.154000','2023-09-05 23:52:36.154000',NULL,NULL),(82,'plugin::documentation.settings.regenerate',NULL,'{}','[]','2023-09-05 23:52:36.168000','2023-09-05 23:52:36.168000',NULL,NULL),(83,'plugin::documentation.settings.read',NULL,'{}','[]','2023-09-05 23:52:36.181000','2023-09-05 23:52:36.181000',NULL,NULL),(84,'plugin::content-manager.explorer.create','api::news-feed.news-feed','{\"fields\": [\"newsname\", \"details\"]}','[]','2023-09-06 00:03:15.539000','2023-09-06 00:03:15.539000',NULL,NULL),(85,'plugin::content-manager.explorer.read','api::news-feed.news-feed','{\"fields\": [\"newsname\", \"details\"]}','[]','2023-09-06 00:03:15.553000','2023-09-06 00:03:15.553000',NULL,NULL),(86,'plugin::content-manager.explorer.update','api::news-feed.news-feed','{\"fields\": [\"newsname\", \"details\"]}','[]','2023-09-06 00:03:15.563000','2023-09-06 00:03:15.563000',NULL,NULL),(87,'plugin::content-manager.explorer.delete','api::news-feed.news-feed','{}','[]','2023-09-06 00:03:15.575000','2023-09-06 00:03:15.575000',NULL,NULL),(88,'plugin::content-manager.explorer.publish','api::news-feed.news-feed','{}','[]','2023-09-06 00:03:15.585000','2023-09-06 00:03:15.585000',NULL,NULL);
/*!40000 ALTER TABLE `admin_permissions` ENABLE KEYS */;
UNLOCK TABLES;

--
-- Table structure for table `admin_permissions_role_links`
--

DROP TABLE IF EXISTS `admin_permissions_role_links`;
/*!40101 SET @saved_cs_client     = @@character_set_client */;
/*!50503 SET character_set_client = utf8mb4 */;
CREATE TABLE `admin_permissions_role_links` (
  `id` int unsigned NOT NULL AUTO_INCREMENT,
  `permission_id` int unsigned DEFAULT NULL,
  `role_id` int unsigned DEFAULT NULL,
  `permission_order` double unsigned DEFAULT NULL,
  PRIMARY KEY (`id`),
  UNIQUE KEY `admin_permissions_role_links_unique` (`permission_id`,`role_id`),
  KEY `admin_permissions_role_links_fk` (`permission_id`),
  KEY `admin_permissions_role_links_inv_fk` (`role_id`),
  KEY `admin_permissions_role_links_order_inv_fk` (`permission_order`),
  CONSTRAINT `admin_permissions_role_links_fk` FOREIGN KEY (`permission_id`) REFERENCES `admin_permissions` (`id`) ON DELETE CASCADE,
  CONSTRAINT `admin_permissions_role_links_inv_fk` FOREIGN KEY (`role_id`) REFERENCES `admin_roles` (`id`) ON DELETE CASCADE
) ENGINE=InnoDB AUTO_INCREMENT=89 DEFAULT CHARSET=utf8mb4 COLLATE=utf8mb4_0900_ai_ci;
/*!40101 SET character_set_client = @saved_cs_client */;

--
-- Dumping data for table `admin_permissions_role_links`
--

LOCK TABLES `admin_permissions_role_links` WRITE;
/*!40000 ALTER TABLE `admin_permissions_role_links` DISABLE KEYS */;
INSERT INTO `admin_permissions_role_links` VALUES (1,1,2,1),(2,2,2,2),(3,3,2,3),(4,4,2,4),(5,5,2,5),(6,6,2,6),(7,7,3,1),(8,8,3,2),(9,9,3,3),(10,10,3,4),(11,11,3,5),(12,12,3,6),(13,13,1,1),(14,14,1,2),(15,15,1,3),(16,16,1,4),(17,17,1,5),(18,18,1,6),(19,19,1,7),(20,20,1,8),(21,21,1,9),(22,22,1,10),(23,23,1,11),(24,24,1,12),(25,25,1,13),(26,26,1,14),(27,27,1,15),(28,28,1,16),(29,29,1,17),(30,30,1,18),(31,31,1,19),(32,32,1,20),(33,33,1,21),(34,34,1,22),(35,35,1,23),(36,36,1,24),(37,37,1,25),(38,38,1,26),(39,39,1,27),(40,40,1,28),(41,41,1,29),(42,42,1,30),(43,43,1,31),(44,44,1,32),(45,45,1,33),(46,46,1,34),(47,47,1,35),(48,48,1,36),(49,49,1,37),(50,50,1,38),(51,51,1,39),(52,52,1,40),(53,53,1,41),(54,54,1,42),(55,55,1,43),(56,56,1,44),(57,57,1,45),(58,58,1,46),(59,59,1,47),(60,60,1,48),(61,61,1,49),(62,62,1,50),(63,63,1,51),(64,64,1,52),(65,65,1,53),(66,66,1,54),(67,67,1,55),(68,68,1,56),(69,69,1,57),(70,70,1,58),(71,71,1,59),(72,72,1,60),(73,73,1,61),(75,75,1,63),(76,76,1,64),(77,77,1,65),(78,78,1,66),(79,79,1,67),(80,80,1,68),(81,81,1,69),(82,82,1,70),(83,83,1,71),(84,84,1,72),(85,85,1,73),(86,86,1,74),(87,87,1,75),(88,88,1,76);
/*!40000 ALTER TABLE `admin_permissions_role_links` ENABLE KEYS */;
UNLOCK TABLES;

--
-- Table structure for table `admin_roles`
--

DROP TABLE IF EXISTS `admin_roles`;
/*!40101 SET @saved_cs_client     = @@character_set_client */;
/*!50503 SET character_set_client = utf8mb4 */;
CREATE TABLE `admin_roles` (
  `id` int unsigned NOT NULL AUTO_INCREMENT,
  `name` varchar(255) DEFAULT NULL,
  `code` varchar(255) DEFAULT NULL,
  `description` varchar(255) DEFAULT NULL,
  `created_at` datetime(6) DEFAULT NULL,
  `updated_at` datetime(6) DEFAULT NULL,
  `created_by_id` int unsigned DEFAULT NULL,
  `updated_by_id` int unsigned DEFAULT NULL,
  PRIMARY KEY (`id`),
  KEY `admin_roles_created_by_id_fk` (`created_by_id`),
  KEY `admin_roles_updated_by_id_fk` (`updated_by_id`),
  CONSTRAINT `admin_roles_created_by_id_fk` FOREIGN KEY (`created_by_id`) REFERENCES `admin_users` (`id`) ON DELETE SET NULL,
  CONSTRAINT `admin_roles_updated_by_id_fk` FOREIGN KEY (`updated_by_id`) REFERENCES `admin_users` (`id`) ON DELETE SET NULL
) ENGINE=InnoDB AUTO_INCREMENT=4 DEFAULT CHARSET=utf8mb4 COLLATE=utf8mb4_0900_ai_ci;
/*!40101 SET character_set_client = @saved_cs_client */;

--
-- Dumping data for table `admin_roles`
--

LOCK TABLES `admin_roles` WRITE;
/*!40000 ALTER TABLE `admin_roles` DISABLE KEYS */;
INSERT INTO `admin_roles` VALUES (1,'Super Admin','strapi-super-admin','Super Admins can access and manage all features and settings.','2023-09-05 23:05:03.177000','2023-09-05 23:05:03.177000',NULL,NULL),(2,'Editor','strapi-editor','Editors can manage and publish contents including those of other users.','2023-09-05 23:05:03.183000','2023-09-05 23:05:03.183000',NULL,NULL),(3,'Author','strapi-author','Authors can manage the content they have created.','2023-09-05 23:05:03.189000','2023-09-05 23:05:03.189000',NULL,NULL);
/*!40000 ALTER TABLE `admin_roles` ENABLE KEYS */;
UNLOCK TABLES;

--
-- Table structure for table `admin_users`
--

DROP TABLE IF EXISTS `admin_users`;
/*!40101 SET @saved_cs_client     = @@character_set_client */;
/*!50503 SET character_set_client = utf8mb4 */;
CREATE TABLE `admin_users` (
  `id` int unsigned NOT NULL AUTO_INCREMENT,
  `firstname` varchar(255) DEFAULT NULL,
  `lastname` varchar(255) DEFAULT NULL,
  `username` varchar(255) DEFAULT NULL,
  `email` varchar(255) DEFAULT NULL,
  `password` varchar(255) DEFAULT NULL,
  `reset_password_token` varchar(255) DEFAULT NULL,
  `registration_token` varchar(255) DEFAULT NULL,
  `is_active` tinyint(1) DEFAULT NULL,
  `blocked` tinyint(1) DEFAULT NULL,
  `prefered_language` varchar(255) DEFAULT NULL,
  `created_at` datetime(6) DEFAULT NULL,
  `updated_at` datetime(6) DEFAULT NULL,
  `created_by_id` int unsigned DEFAULT NULL,
  `updated_by_id` int unsigned DEFAULT NULL,
  PRIMARY KEY (`id`),
  KEY `admin_users_created_by_id_fk` (`created_by_id`),
  KEY `admin_users_updated_by_id_fk` (`updated_by_id`),
  CONSTRAINT `admin_users_created_by_id_fk` FOREIGN KEY (`created_by_id`) REFERENCES `admin_users` (`id`) ON DELETE SET NULL,
  CONSTRAINT `admin_users_updated_by_id_fk` FOREIGN KEY (`updated_by_id`) REFERENCES `admin_users` (`id`) ON DELETE SET NULL
) ENGINE=InnoDB AUTO_INCREMENT=2 DEFAULT CHARSET=utf8mb4 COLLATE=utf8mb4_0900_ai_ci;
/*!40101 SET character_set_client = @saved_cs_client */;

--
-- Dumping data for table `admin_users`
--

LOCK TABLES `admin_users` WRITE;
/*!40000 ALTER TABLE `admin_users` DISABLE KEYS */;
INSERT INTO `admin_users` VALUES (1,'Phi','Le',NULL,'leanhphi1706@gmail.com','$2a$10$9Zpxz7/vuRQnPPbRLgOpNeLLkpbDLQemyzjkYnrTNQQ1BVPF8RNeW',NULL,NULL,1,0,NULL,'2023-09-05 23:05:27.025000','2023-09-05 23:05:27.025000',NULL,NULL);
/*!40000 ALTER TABLE `admin_users` ENABLE KEYS */;
UNLOCK TABLES;

--
-- Table structure for table `admin_users_roles_links`
--

DROP TABLE IF EXISTS `admin_users_roles_links`;
/*!40101 SET @saved_cs_client     = @@character_set_client */;
/*!50503 SET character_set_client = utf8mb4 */;
CREATE TABLE `admin_users_roles_links` (
  `id` int unsigned NOT NULL AUTO_INCREMENT,
  `user_id` int unsigned DEFAULT NULL,
  `role_id` int unsigned DEFAULT NULL,
  `role_order` double unsigned DEFAULT NULL,
  `user_order` double unsigned DEFAULT NULL,
  PRIMARY KEY (`id`),
  UNIQUE KEY `admin_users_roles_links_unique` (`user_id`,`role_id`),
  KEY `admin_users_roles_links_fk` (`user_id`),
  KEY `admin_users_roles_links_inv_fk` (`role_id`),
  KEY `admin_users_roles_links_order_fk` (`role_order`),
  KEY `admin_users_roles_links_order_inv_fk` (`user_order`),
  CONSTRAINT `admin_users_roles_links_fk` FOREIGN KEY (`user_id`) REFERENCES `admin_users` (`id`) ON DELETE CASCADE,
  CONSTRAINT `admin_users_roles_links_inv_fk` FOREIGN KEY (`role_id`) REFERENCES `admin_roles` (`id`) ON DELETE CASCADE
) ENGINE=InnoDB AUTO_INCREMENT=2 DEFAULT CHARSET=utf8mb4 COLLATE=utf8mb4_0900_ai_ci;
/*!40101 SET character_set_client = @saved_cs_client */;

--
-- Dumping data for table `admin_users_roles_links`
--

LOCK TABLES `admin_users_roles_links` WRITE;
/*!40000 ALTER TABLE `admin_users_roles_links` DISABLE KEYS */;
INSERT INTO `admin_users_roles_links` VALUES (1,1,1,1,1);
/*!40000 ALTER TABLE `admin_users_roles_links` ENABLE KEYS */;
UNLOCK TABLES;

--
-- Table structure for table `categories`
--

DROP TABLE IF EXISTS `categories`;
/*!40101 SET @saved_cs_client     = @@character_set_client */;
/*!50503 SET character_set_client = utf8mb4 */;
CREATE TABLE `categories` (
  `id` int unsigned NOT NULL AUTO_INCREMENT,
  `category_name` varchar(255) DEFAULT NULL,
  `description` varchar(255) DEFAULT NULL,
  `created_at` datetime(6) DEFAULT NULL,
  `updated_at` datetime(6) DEFAULT NULL,
  `created_by_id` int unsigned DEFAULT NULL,
  `updated_by_id` int unsigned DEFAULT NULL,
  PRIMARY KEY (`id`),
  KEY `categories_created_by_id_fk` (`created_by_id`),
  KEY `categories_updated_by_id_fk` (`updated_by_id`),
  CONSTRAINT `categories_created_by_id_fk` FOREIGN KEY (`created_by_id`) REFERENCES `admin_users` (`id`) ON DELETE SET NULL,
  CONSTRAINT `categories_updated_by_id_fk` FOREIGN KEY (`updated_by_id`) REFERENCES `admin_users` (`id`) ON DELETE SET NULL
) ENGINE=InnoDB AUTO_INCREMENT=13 DEFAULT CHARSET=utf8mb4 COLLATE=utf8mb4_0900_ai_ci;
/*!40101 SET character_set_client = @saved_cs_client */;

--
-- Dumping data for table `categories`
--

LOCK TABLES `categories` WRITE;
/*!40000 ALTER TABLE `categories` DISABLE KEYS */;
INSERT INTO `categories` VALUES (11,'Áo thời trang','Áo thời trang','2023-09-24 22:04:48.055000','2023-09-24 22:04:48.055000',1,1),(12,'Quần thời trang','Quần thời trang','2023-09-24 22:04:59.290000','2023-09-24 22:04:59.290000',1,1);
/*!40000 ALTER TABLE `categories` ENABLE KEYS */;
UNLOCK TABLES;

--
-- Table structure for table `files`
--

DROP TABLE IF EXISTS `files`;
/*!40101 SET @saved_cs_client     = @@character_set_client */;
/*!50503 SET character_set_client = utf8mb4 */;
CREATE TABLE `files` (
  `id` int unsigned NOT NULL AUTO_INCREMENT,
  `name` varchar(255) DEFAULT NULL,
  `alternative_text` varchar(255) DEFAULT NULL,
  `caption` varchar(255) DEFAULT NULL,
  `width` int DEFAULT NULL,
  `height` int DEFAULT NULL,
  `formats` json DEFAULT NULL,
  `hash` varchar(255) DEFAULT NULL,
  `ext` varchar(255) DEFAULT NULL,
  `mime` varchar(255) DEFAULT NULL,
  `size` decimal(10,2) DEFAULT NULL,
  `url` varchar(255) DEFAULT NULL,
  `preview_url` varchar(255) DEFAULT NULL,
  `provider` varchar(255) DEFAULT NULL,
  `provider_metadata` json DEFAULT NULL,
  `folder_path` varchar(255) DEFAULT NULL,
  `created_at` datetime(6) DEFAULT NULL,
  `updated_at` datetime(6) DEFAULT NULL,
  `created_by_id` int unsigned DEFAULT NULL,
  `updated_by_id` int unsigned DEFAULT NULL,
  PRIMARY KEY (`id`),
  KEY `upload_files_folder_path_index` (`folder_path`),
  KEY `upload_files_created_at_index` (`created_at`),
  KEY `upload_files_updated_at_index` (`updated_at`),
  KEY `upload_files_name_index` (`name`),
  KEY `upload_files_size_index` (`size`),
  KEY `upload_files_ext_index` (`ext`),
  KEY `files_created_by_id_fk` (`created_by_id`),
  KEY `files_updated_by_id_fk` (`updated_by_id`),
  CONSTRAINT `files_created_by_id_fk` FOREIGN KEY (`created_by_id`) REFERENCES `admin_users` (`id`) ON DELETE SET NULL,
  CONSTRAINT `files_updated_by_id_fk` FOREIGN KEY (`updated_by_id`) REFERENCES `admin_users` (`id`) ON DELETE SET NULL
) ENGINE=InnoDB AUTO_INCREMENT=89 DEFAULT CHARSET=utf8mb4 COLLATE=utf8mb4_0900_ai_ci;
/*!40101 SET character_set_client = @saved_cs_client */;

--
-- Dumping data for table `files`
--

LOCK TABLES `files` WRITE;
/*!40000 ALTER TABLE `files` DISABLE KEYS */;
INSERT INTO `files` VALUES (23,'AoCuoi2.jpg',NULL,NULL,409,560,'{\"small\": {\"ext\": \".jpg\", \"url\": \"/uploads/small_Ao_Cuoi2_82a2768d0b.jpg\", \"hash\": \"small_Ao_Cuoi2_82a2768d0b\", \"mime\": \"image/jpeg\", \"name\": \"small_AoCuoi2.jpg\", \"path\": null, \"size\": 23.68, \"width\": 365, \"height\": 500}, \"thumbnail\": {\"ext\": \".jpg\", \"url\": \"/uploads/thumbnail_Ao_Cuoi2_82a2768d0b.jpg\", \"hash\": \"thumbnail_Ao_Cuoi2_82a2768d0b\", \"mime\": \"image/jpeg\", \"name\": \"thumbnail_AoCuoi2.jpg\", \"path\": null, \"size\": 3.5, \"width\": 114, \"height\": 156}}','Ao_Cuoi2_82a2768d0b','.jpg','image/jpeg',29.59,'/uploads/Ao_Cuoi2_82a2768d0b.jpg',NULL,'local',NULL,'/1','2023-09-24 23:48:48.778000','2023-09-24 23:48:48.778000',1,1),(24,'Ao_Cuoi_2010_01_0018-11.jpg',NULL,NULL,495,700,'{\"small\": {\"ext\": \".jpg\", \"url\": \"/uploads/small_Ao_Cuoi_2010_01_0018_11_5dfe62443b.jpg\", \"hash\": \"small_Ao_Cuoi_2010_01_0018_11_5dfe62443b\", \"mime\": \"image/jpeg\", \"name\": \"small_Ao_Cuoi_2010_01_0018-11.jpg\", \"path\": null, \"size\": 24.83, \"width\": 354, \"height\": 500}, \"thumbnail\": {\"ext\": \".jpg\", \"url\": \"/uploads/thumbnail_Ao_Cuoi_2010_01_0018_11_5dfe62443b.jpg\", \"hash\": \"thumbnail_Ao_Cuoi_2010_01_0018_11_5dfe62443b\", \"mime\": \"image/jpeg\", \"name\": \"thumbnail_Ao_Cuoi_2010_01_0018-11.jpg\", \"path\": null, \"size\": 3.84, \"width\": 110, \"height\": 156}}','Ao_Cuoi_2010_01_0018_11_5dfe62443b','.jpg','image/jpeg',43.80,'/uploads/Ao_Cuoi_2010_01_0018_11_5dfe62443b.jpg',NULL,'local',NULL,'/1','2023-09-24 23:48:48.781000','2023-09-24 23:48:48.781000',1,1),(25,'Ao_Cuoi_2010_01_0018-10.jpg',NULL,NULL,495,700,'{\"small\": {\"ext\": \".jpg\", \"url\": \"/uploads/small_Ao_Cuoi_2010_01_0018_10_7c5423aeb1.jpg\", \"hash\": \"small_Ao_Cuoi_2010_01_0018_10_7c5423aeb1\", \"mime\": \"image/jpeg\", \"name\": \"small_Ao_Cuoi_2010_01_0018-10.jpg\", \"path\": null, \"size\": 30.47, \"width\": 354, \"height\": 500}, \"thumbnail\": {\"ext\": \".jpg\", \"url\": \"/uploads/thumbnail_Ao_Cuoi_2010_01_0018_10_7c5423aeb1.jpg\", \"hash\": \"thumbnail_Ao_Cuoi_2010_01_0018_10_7c5423aeb1\", \"mime\": \"image/jpeg\", \"name\": \"thumbnail_Ao_Cuoi_2010_01_0018-10.jpg\", \"path\": null, \"size\": 4.37, \"width\": 110, \"height\": 156}}','Ao_Cuoi_2010_01_0018_10_7c5423aeb1','.jpg','image/jpeg',54.35,'/uploads/Ao_Cuoi_2010_01_0018_10_7c5423aeb1.jpg',NULL,'local',NULL,'/1','2023-09-24 23:48:48.782000','2023-09-24 23:48:48.782000',1,1),(26,'AoCuoi1.jpg',NULL,NULL,495,700,'{\"small\": {\"ext\": \".jpg\", \"url\": \"/uploads/small_Ao_Cuoi1_00539f3bef.jpg\", \"hash\": \"small_Ao_Cuoi1_00539f3bef\", \"mime\": \"image/jpeg\", \"name\": \"small_AoCuoi1.jpg\", \"path\": null, \"size\": 33.41, \"width\": 354, \"height\": 500}, \"thumbnail\": {\"ext\": \".jpg\", \"url\": \"/uploads/thumbnail_Ao_Cuoi1_00539f3bef.jpg\", \"hash\": \"thumbnail_Ao_Cuoi1_00539f3bef\", \"mime\": \"image/jpeg\", \"name\": \"thumbnail_AoCuoi1.jpg\", \"path\": null, \"size\": 4.45, \"width\": 110, \"height\": 156}}','Ao_Cuoi1_00539f3bef','.jpg','image/jpeg',58.24,'/uploads/Ao_Cuoi1_00539f3bef.jpg',NULL,'local',NULL,'/1','2023-09-24 23:48:48.783000','2023-09-24 23:48:48.783000',1,1),(27,'Aokieu2.jpg',NULL,NULL,200,267,'{\"thumbnail\": {\"ext\": \".jpg\", \"url\": \"/uploads/thumbnail_Aokieu2_0fe98ba2ea.jpg\", \"hash\": \"thumbnail_Aokieu2_0fe98ba2ea\", \"mime\": \"image/jpeg\", \"name\": \"thumbnail_Aokieu2.jpg\", \"path\": null, \"size\": 4.45, \"width\": 117, \"height\": 156}}','Aokieu2_0fe98ba2ea','.jpg','image/jpeg',10.59,'/uploads/Aokieu2_0fe98ba2ea.jpg',NULL,'local',NULL,'/1','2023-09-24 23:48:48.806000','2023-09-24 23:48:48.806000',1,1),(28,'aocuoi8.jpg',NULL,NULL,400,600,'{\"small\": {\"ext\": \".jpg\", \"url\": \"/uploads/small_aocuoi8_5620f6941d.jpg\", \"hash\": \"small_aocuoi8_5620f6941d\", \"mime\": \"image/jpeg\", \"name\": \"small_aocuoi8.jpg\", \"path\": null, \"size\": 21.75, \"width\": 333, \"height\": 500}, \"thumbnail\": {\"ext\": \".jpg\", \"url\": \"/uploads/thumbnail_aocuoi8_5620f6941d.jpg\", \"hash\": \"thumbnail_aocuoi8_5620f6941d\", \"mime\": \"image/jpeg\", \"name\": \"thumbnail_aocuoi8.jpg\", \"path\": null, \"size\": 3.39, \"width\": 104, \"height\": 156}}','aocuoi8_5620f6941d','.jpg','image/jpeg',29.43,'/uploads/aocuoi8_5620f6941d.jpg',NULL,'local',NULL,'/1','2023-09-24 23:48:48.889000','2023-09-24 23:48:48.889000',1,1),(29,'Aokieu4.jpg',NULL,NULL,200,267,'{\"thumbnail\": {\"ext\": \".jpg\", \"url\": \"/uploads/thumbnail_Aokieu4_b44d3e67c2.jpg\", \"hash\": \"thumbnail_Aokieu4_b44d3e67c2\", \"mime\": \"image/jpeg\", \"name\": \"thumbnail_Aokieu4.jpg\", \"path\": null, \"size\": 4.54, \"width\": 117, \"height\": 156}}','Aokieu4_b44d3e67c2','.jpg','image/jpeg',9.98,'/uploads/Aokieu4_b44d3e67c2.jpg',NULL,'local',NULL,'/1','2023-09-24 23:48:49.036000','2023-09-24 23:48:49.036000',1,1),(30,'Aokieu5.jpg',NULL,NULL,200,267,'{\"thumbnail\": {\"ext\": \".jpg\", \"url\": \"/uploads/thumbnail_Aokieu5_ae2c4f3907.jpg\", \"hash\": \"thumbnail_Aokieu5_ae2c4f3907\", \"mime\": \"image/jpeg\", \"name\": \"thumbnail_Aokieu5.jpg\", \"path\": null, \"size\": 3.99, \"width\": 117, \"height\": 156}}','Aokieu5_ae2c4f3907','.jpg','image/jpeg',8.40,'/uploads/Aokieu5_ae2c4f3907.jpg',NULL,'local',NULL,'/1','2023-09-24 23:48:49.039000','2023-09-24 23:48:49.039000',1,1),(31,'Aokieu3.jpg',NULL,NULL,200,267,'{\"thumbnail\": {\"ext\": \".jpg\", \"url\": \"/uploads/thumbnail_Aokieu3_749624da96.jpg\", \"hash\": \"thumbnail_Aokieu3_749624da96\", \"mime\": \"image/jpeg\", \"name\": \"thumbnail_Aokieu3.jpg\", \"path\": null, \"size\": 4.37, \"width\": 117, \"height\": 156}}','Aokieu3_749624da96','.jpg','image/jpeg',9.37,'/uploads/Aokieu3_749624da96.jpg',NULL,'local',NULL,'/1','2023-09-24 23:48:49.045000','2023-09-24 23:48:49.045000',1,1),(32,'Aokieu7.jpg',NULL,NULL,200,267,'{\"thumbnail\": {\"ext\": \".jpg\", \"url\": \"/uploads/thumbnail_Aokieu7_9e5a20e4e5.jpg\", \"hash\": \"thumbnail_Aokieu7_9e5a20e4e5\", \"mime\": \"image/jpeg\", \"name\": \"thumbnail_Aokieu7.jpg\", \"path\": null, \"size\": 5.7, \"width\": 117, \"height\": 156}}','Aokieu7_9e5a20e4e5','.jpg','image/jpeg',12.01,'/uploads/Aokieu7_9e5a20e4e5.jpg',NULL,'local',NULL,'/1','2023-09-24 23:48:49.108000','2023-09-24 23:48:49.108000',1,1),(33,'AoPhong2.jpg',NULL,NULL,400,527,'{\"small\": {\"ext\": \".jpg\", \"url\": \"/uploads/small_Ao_Phong2_1e983c65f0.jpg\", \"hash\": \"small_Ao_Phong2_1e983c65f0\", \"mime\": \"image/jpeg\", \"name\": \"small_AoPhong2.jpg\", \"path\": null, \"size\": 23.25, \"width\": 380, \"height\": 500}, \"thumbnail\": {\"ext\": \".jpg\", \"url\": \"/uploads/thumbnail_Ao_Phong2_1e983c65f0.jpg\", \"hash\": \"thumbnail_Ao_Phong2_1e983c65f0\", \"mime\": \"image/jpeg\", \"name\": \"thumbnail_AoPhong2.jpg\", \"path\": null, \"size\": 4.12, \"width\": 119, \"height\": 156}}','Ao_Phong2_1e983c65f0','.jpg','image/jpeg',24.87,'/uploads/Ao_Phong2_1e983c65f0.jpg',NULL,'local',NULL,'/1','2023-09-24 23:48:49.130000','2023-09-24 23:48:49.130000',1,1),(34,'Aokieu1.jpg',NULL,NULL,333,500,'{\"thumbnail\": {\"ext\": \".jpg\", \"url\": \"/uploads/thumbnail_Aokieu1_60bd37ebcf.jpg\", \"hash\": \"thumbnail_Aokieu1_60bd37ebcf\", \"mime\": \"image/jpeg\", \"name\": \"thumbnail_Aokieu1.jpg\", \"path\": null, \"size\": 4.08, \"width\": 104, \"height\": 156}}','Aokieu1_60bd37ebcf','.jpg','image/jpeg',23.48,'/uploads/Aokieu1_60bd37ebcf.jpg',NULL,'local',NULL,'/1','2023-09-24 23:48:49.177000','2023-09-24 23:48:49.177000',1,1),(35,'Aokieu6.jpg',NULL,NULL,200,267,'{\"thumbnail\": {\"ext\": \".jpg\", \"url\": \"/uploads/thumbnail_Aokieu6_f31c370c6c.jpg\", \"hash\": \"thumbnail_Aokieu6_f31c370c6c\", \"mime\": \"image/jpeg\", \"name\": \"thumbnail_Aokieu6.jpg\", \"path\": null, \"size\": 4.62, \"width\": 117, \"height\": 156}}','Aokieu6_f31c370c6c','.jpg','image/jpeg',9.81,'/uploads/Aokieu6_f31c370c6c.jpg',NULL,'local',NULL,'/1','2023-09-24 23:48:49.258000','2023-09-24 23:48:49.258000',1,1),(36,'phong5.jpg',NULL,NULL,350,395,'{\"thumbnail\": {\"ext\": \".jpg\", \"url\": \"/uploads/thumbnail_phong5_4735d894d7.jpg\", \"hash\": \"thumbnail_phong5_4735d894d7\", \"mime\": \"image/jpeg\", \"name\": \"thumbnail_phong5.jpg\", \"path\": null, \"size\": 6.35, \"width\": 138, \"height\": 156}}','phong5_4735d894d7','.jpg','image/jpeg',25.59,'/uploads/phong5_4735d894d7.jpg',NULL,'local',NULL,'/1','2023-09-24 23:48:49.271000','2023-09-24 23:48:49.271000',1,1),(37,'phong2.jpg',NULL,NULL,407,605,'{\"small\": {\"ext\": \".jpg\", \"url\": \"/uploads/small_phong2_ae22da26b1.jpg\", \"hash\": \"small_phong2_ae22da26b1\", \"mime\": \"image/jpeg\", \"name\": \"small_phong2.jpg\", \"path\": null, \"size\": 24.3, \"width\": 336, \"height\": 500}, \"thumbnail\": {\"ext\": \".jpg\", \"url\": \"/uploads/thumbnail_phong2_ae22da26b1.jpg\", \"hash\": \"thumbnail_phong2_ae22da26b1\", \"mime\": \"image/jpeg\", \"name\": \"thumbnail_phong2.jpg\", \"path\": null, \"size\": 4.22, \"width\": 105, \"height\": 156}}','phong2_ae22da26b1','.jpg','image/jpeg',31.28,'/uploads/phong2_ae22da26b1.jpg',NULL,'local',NULL,'/1','2023-09-24 23:48:49.309000','2023-09-24 23:48:49.309000',1,1),(38,'phong4.jpg',NULL,NULL,500,500,'{\"thumbnail\": {\"ext\": \".jpg\", \"url\": \"/uploads/thumbnail_phong4_8641b86015.jpg\", \"hash\": \"thumbnail_phong4_8641b86015\", \"mime\": \"image/jpeg\", \"name\": \"thumbnail_phong4.jpg\", \"path\": null, \"size\": 4.84, \"width\": 156, \"height\": 156}}','phong4_8641b86015','.jpg','image/jpeg',33.75,'/uploads/phong4_8641b86015.jpg',NULL,'local',NULL,'/1','2023-09-24 23:48:49.405000','2023-09-24 23:48:49.405000',1,1),(39,'phong7.jpg',NULL,NULL,450,661,'{\"small\": {\"ext\": \".jpg\", \"url\": \"/uploads/small_phong7_7c0acc33a3.jpg\", \"hash\": \"small_phong7_7c0acc33a3\", \"mime\": \"image/jpeg\", \"name\": \"small_phong7.jpg\", \"path\": null, \"size\": 20.96, \"width\": 340, \"height\": 500}, \"thumbnail\": {\"ext\": \".jpg\", \"url\": \"/uploads/thumbnail_phong7_7c0acc33a3.jpg\", \"hash\": \"thumbnail_phong7_7c0acc33a3\", \"mime\": \"image/jpeg\", \"name\": \"thumbnail_phong7.jpg\", \"path\": null, \"size\": 3.58, \"width\": 106, \"height\": 156}}','phong7_7c0acc33a3','.jpg','image/jpeg',31.59,'/uploads/phong7_7c0acc33a3.jpg',NULL,'local',NULL,'/1','2023-09-24 23:48:49.452000','2023-09-24 23:48:49.452000',1,1),(40,'phong6.jpg',NULL,NULL,500,500,'{\"thumbnail\": {\"ext\": \".jpg\", \"url\": \"/uploads/thumbnail_phong6_eb1cdf034c.jpg\", \"hash\": \"thumbnail_phong6_eb1cdf034c\", \"mime\": \"image/jpeg\", \"name\": \"thumbnail_phong6.jpg\", \"path\": null, \"size\": 4.44, \"width\": 156, \"height\": 156}}','phong6_eb1cdf034c','.jpg','image/jpeg',31.44,'/uploads/phong6_eb1cdf034c.jpg',NULL,'local',NULL,'/1','2023-09-24 23:48:49.480000','2023-09-24 23:48:49.480000',1,1),(41,'phong9.jpg',NULL,NULL,400,376,'{\"thumbnail\": {\"ext\": \".jpg\", \"url\": \"/uploads/thumbnail_phong9_58b0bd1777.jpg\", \"hash\": \"thumbnail_phong9_58b0bd1777\", \"mime\": \"image/jpeg\", \"name\": \"thumbnail_phong9.jpg\", \"path\": null, \"size\": 6.82, \"width\": 166, \"height\": 156}}','phong9_58b0bd1777','.jpg','image/jpeg',24.41,'/uploads/phong9_58b0bd1777.jpg',NULL,'local',NULL,'/1','2023-09-24 23:48:49.501000','2023-09-24 23:48:49.501000',1,1),(42,'quan4.jpg',NULL,NULL,450,641,'{\"small\": {\"ext\": \".jpg\", \"url\": \"/uploads/small_quan4_1b600a4675.jpg\", \"hash\": \"small_quan4_1b600a4675\", \"mime\": \"image/jpeg\", \"name\": \"small_quan4.jpg\", \"path\": null, \"size\": 26.78, \"width\": 351, \"height\": 500}, \"thumbnail\": {\"ext\": \".jpg\", \"url\": \"/uploads/thumbnail_quan4_1b600a4675.jpg\", \"hash\": \"thumbnail_quan4_1b600a4675\", \"mime\": \"image/jpeg\", \"name\": \"thumbnail_quan4.jpg\", \"path\": null, \"size\": 4.4, \"width\": 110, \"height\": 156}}','quan4_1b600a4675','.jpg','image/jpeg',39.61,'/uploads/quan4_1b600a4675.jpg',NULL,'local',NULL,'/1','2023-09-24 23:48:49.574000','2023-09-24 23:48:49.574000',1,1),(43,'phong19.jpg',NULL,NULL,450,671,'{\"small\": {\"ext\": \".jpg\", \"url\": \"/uploads/small_phong19_e1a13366f1.jpg\", \"hash\": \"small_phong19_e1a13366f1\", \"mime\": \"image/jpeg\", \"name\": \"small_phong19.jpg\", \"path\": null, \"size\": 19.87, \"width\": 335, \"height\": 500}, \"thumbnail\": {\"ext\": \".jpg\", \"url\": \"/uploads/thumbnail_phong19_e1a13366f1.jpg\", \"hash\": \"thumbnail_phong19_e1a13366f1\", \"mime\": \"image/jpeg\", \"name\": \"thumbnail_phong19.jpg\", \"path\": null, \"size\": 3.72, \"width\": 105, \"height\": 156}}','phong19_e1a13366f1','.jpg','image/jpeg',31.45,'/uploads/phong19_e1a13366f1.jpg',NULL,'local',NULL,'/1','2023-09-24 23:48:49.613000','2023-09-24 23:48:49.613000',1,1),(44,'phong10.jpg',NULL,NULL,400,532,'{\"small\": {\"ext\": \".jpg\", \"url\": \"/uploads/small_phong10_685528b062.jpg\", \"hash\": \"small_phong10_685528b062\", \"mime\": \"image/jpeg\", \"name\": \"small_phong10.jpg\", \"path\": null, \"size\": 37.14, \"width\": 376, \"height\": 500}, \"thumbnail\": {\"ext\": \".jpg\", \"url\": \"/uploads/thumbnail_phong10_685528b062.jpg\", \"hash\": \"thumbnail_phong10_685528b062\", \"mime\": \"image/jpeg\", \"name\": \"thumbnail_phong10.jpg\", \"path\": null, \"size\": 5.86, \"width\": 117, \"height\": 156}}','phong10_685528b062','.jpg','image/jpeg',40.24,'/uploads/phong10_685528b062.jpg',NULL,'local',NULL,'/1','2023-09-24 23:48:49.635000','2023-09-24 23:48:49.635000',1,1),(45,'quan9.jpg',NULL,NULL,450,666,'{\"small\": {\"ext\": \".jpg\", \"url\": \"/uploads/small_quan9_7cc729f3d1.jpg\", \"hash\": \"small_quan9_7cc729f3d1\", \"mime\": \"image/jpeg\", \"name\": \"small_quan9.jpg\", \"path\": null, \"size\": 30.37, \"width\": 338, \"height\": 500}, \"thumbnail\": {\"ext\": \".jpg\", \"url\": \"/uploads/thumbnail_quan9_7cc729f3d1.jpg\", \"hash\": \"thumbnail_quan9_7cc729f3d1\", \"mime\": \"image/jpeg\", \"name\": \"thumbnail_quan9.jpg\", \"path\": null, \"size\": 5.13, \"width\": 105, \"height\": 156}}','quan9_7cc729f3d1','.jpg','image/jpeg',46.94,'/uploads/quan9_7cc729f3d1.jpg',NULL,'local',NULL,'/1','2023-09-24 23:48:49.708000','2023-09-24 23:48:49.708000',1,1),(46,'quanjeans.jpg',NULL,NULL,200,280,'{\"thumbnail\": {\"ext\": \".jpg\", \"url\": \"/uploads/thumbnail_quanjeans_ce435e411b.jpg\", \"hash\": \"thumbnail_quanjeans_ce435e411b\", \"mime\": \"image/jpeg\", \"name\": \"thumbnail_quanjeans.jpg\", \"path\": null, \"size\": 3.33, \"width\": 111, \"height\": 156}}','quanjeans_ce435e411b','.jpg','image/jpeg',7.13,'/uploads/quanjeans_ce435e411b.jpg',NULL,'local',NULL,'/1','2023-09-24 23:48:49.734000','2023-09-24 23:48:49.734000',1,1),(47,'QuanBo.jpg',NULL,NULL,500,753,'{\"small\": {\"ext\": \".jpg\", \"url\": \"/uploads/small_Quan_Bo_3e3b7a7141.jpg\", \"hash\": \"small_Quan_Bo_3e3b7a7141\", \"mime\": \"image/jpeg\", \"name\": \"small_QuanBo.jpg\", \"path\": null, \"size\": 39.47, \"width\": 332, \"height\": 500}, \"medium\": {\"ext\": \".jpg\", \"url\": \"/uploads/medium_Quan_Bo_3e3b7a7141.jpg\", \"hash\": \"medium_Quan_Bo_3e3b7a7141\", \"mime\": \"image/jpeg\", \"name\": \"medium_QuanBo.jpg\", \"path\": null, \"size\": 73.51, \"width\": 498, \"height\": 750}, \"thumbnail\": {\"ext\": \".jpg\", \"url\": \"/uploads/thumbnail_Quan_Bo_3e3b7a7141.jpg\", \"hash\": \"thumbnail_Quan_Bo_3e3b7a7141\", \"mime\": \"image/jpeg\", \"name\": \"thumbnail_QuanBo.jpg\", \"path\": null, \"size\": 5.63, \"width\": 104, \"height\": 156}}','Quan_Bo_3e3b7a7141','.jpg','image/jpeg',74.12,'/uploads/Quan_Bo_3e3b7a7141.jpg',NULL,'local',NULL,'/1','2023-09-24 23:48:49.761000','2023-09-24 23:48:49.761000',1,1),(48,'QuanBo1.jpg',NULL,NULL,500,724,'{\"small\": {\"ext\": \".jpg\", \"url\": \"/uploads/small_Quan_Bo1_8ebfb518bf.jpg\", \"hash\": \"small_Quan_Bo1_8ebfb518bf\", \"mime\": \"image/jpeg\", \"name\": \"small_QuanBo1.jpg\", \"path\": null, \"size\": 30.49, \"width\": 345, \"height\": 500}, \"thumbnail\": {\"ext\": \".jpg\", \"url\": \"/uploads/thumbnail_Quan_Bo1_8ebfb518bf.jpg\", \"hash\": \"thumbnail_Quan_Bo1_8ebfb518bf\", \"mime\": \"image/jpeg\", \"name\": \"thumbnail_QuanBo1.jpg\", \"path\": null, \"size\": 4.71, \"width\": 108, \"height\": 156}}','Quan_Bo1_8ebfb518bf','.jpg','image/jpeg',54.98,'/uploads/Quan_Bo1_8ebfb518bf.jpg',NULL,'local',NULL,'/1','2023-09-24 23:48:49.763000','2023-09-24 23:48:49.763000',1,1),(49,'QuanJeanTrang.jpg',NULL,NULL,400,612,'{\"small\": {\"ext\": \".jpg\", \"url\": \"/uploads/small_Quan_Jean_Trang_d77a1f2577.jpg\", \"hash\": \"small_Quan_Jean_Trang_d77a1f2577\", \"mime\": \"image/jpeg\", \"name\": \"small_QuanJeanTrang.jpg\", \"path\": null, \"size\": 13.33, \"width\": 327, \"height\": 500}, \"thumbnail\": {\"ext\": \".jpg\", \"url\": \"/uploads/thumbnail_Quan_Jean_Trang_d77a1f2577.jpg\", \"hash\": \"thumbnail_Quan_Jean_Trang_d77a1f2577\", \"mime\": \"image/jpeg\", \"name\": \"thumbnail_QuanJeanTrang.jpg\", \"path\": null, \"size\": 2.38, \"width\": 102, \"height\": 156}}','Quan_Jean_Trang_d77a1f2577','.jpg','image/jpeg',18.59,'/uploads/Quan_Jean_Trang_d77a1f2577.jpg',NULL,'local',NULL,'/1','2023-09-24 23:48:49.866000','2023-09-24 23:48:49.866000',1,1),(50,'s_249_vaynguchomuathu.jpg',NULL,NULL,150,210,'{\"thumbnail\": {\"ext\": \".jpg\", \"url\": \"/uploads/thumbnail_s_249_vaynguchomuathu_a4700c4077.jpg\", \"hash\": \"thumbnail_s_249_vaynguchomuathu_a4700c4077\", \"mime\": \"image/jpeg\", \"name\": \"thumbnail_s_249_vaynguchomuathu.jpg\", \"path\": null, \"size\": 5.15, \"width\": 111, \"height\": 156}}','s_249_vaynguchomuathu_a4700c4077','.jpg','image/jpeg',8.16,'/uploads/s_249_vaynguchomuathu_a4700c4077.jpg',NULL,'local',NULL,'/1','2023-09-24 23:48:49.877000','2023-09-24 23:48:49.877000',1,1),(51,'QuanJean.jpg',NULL,NULL,500,659,'{\"small\": {\"ext\": \".jpg\", \"url\": \"/uploads/small_Quan_Jean_587f70a11f.jpg\", \"hash\": \"small_Quan_Jean_587f70a11f\", \"mime\": \"image/jpeg\", \"name\": \"small_QuanJean.jpg\", \"path\": null, \"size\": 17.39, \"width\": 379, \"height\": 500}, \"thumbnail\": {\"ext\": \".jpg\", \"url\": \"/uploads/thumbnail_Quan_Jean_587f70a11f.jpg\", \"hash\": \"thumbnail_Quan_Jean_587f70a11f\", \"mime\": \"image/jpeg\", \"name\": \"thumbnail_QuanJean.jpg\", \"path\": null, \"size\": 3.22, \"width\": 119, \"height\": 156}}','Quan_Jean_587f70a11f','.jpg','image/jpeg',25.71,'/uploads/Quan_Jean_587f70a11f.jpg',NULL,'local',NULL,'/1','2023-09-24 23:48:49.886000','2023-09-24 23:48:49.886000',1,1),(52,'s_31_vaynguchomuathu.jpg',NULL,NULL,150,210,'{\"thumbnail\": {\"ext\": \".jpg\", \"url\": \"/uploads/thumbnail_s_31_vaynguchomuathu_8eb58dfd53.jpg\", \"hash\": \"thumbnail_s_31_vaynguchomuathu_8eb58dfd53\", \"mime\": \"image/jpeg\", \"name\": \"thumbnail_s_31_vaynguchomuathu.jpg\", \"path\": null, \"size\": 4.66, \"width\": 111, \"height\": 156}}','s_31_vaynguchomuathu_8eb58dfd53','.jpg','image/jpeg',7.29,'/uploads/s_31_vaynguchomuathu_8eb58dfd53.jpg',NULL,'local',NULL,'/1','2023-09-24 23:48:49.931000','2023-09-24 23:48:49.931000',1,1),(53,'s_313_vaynguchomuathu.jpg',NULL,NULL,150,210,'{\"thumbnail\": {\"ext\": \".jpg\", \"url\": \"/uploads/thumbnail_s_313_vaynguchomuathu_de448777bd.jpg\", \"hash\": \"thumbnail_s_313_vaynguchomuathu_de448777bd\", \"mime\": \"image/jpeg\", \"name\": \"thumbnail_s_313_vaynguchomuathu.jpg\", \"path\": null, \"size\": 4.16, \"width\": 111, \"height\": 156}}','s_313_vaynguchomuathu_de448777bd','.jpg','image/jpeg',6.51,'/uploads/s_313_vaynguchomuathu_de448777bd.jpg',NULL,'local',NULL,'/1','2023-09-24 23:48:49.992000','2023-09-24 23:48:49.992000',1,1),(54,'s_267_vaynguchomuathu.jpg',NULL,NULL,150,210,'{\"thumbnail\": {\"ext\": \".jpg\", \"url\": \"/uploads/thumbnail_s_267_vaynguchomuathu_6b7bece1c5.jpg\", \"hash\": \"thumbnail_s_267_vaynguchomuathu_6b7bece1c5\", \"mime\": \"image/jpeg\", \"name\": \"thumbnail_s_267_vaynguchomuathu.jpg\", \"path\": null, \"size\": 4.03, \"width\": 111, \"height\": 156}}','s_267_vaynguchomuathu_6b7bece1c5','.jpg','image/jpeg',6.42,'/uploads/s_267_vaynguchomuathu_6b7bece1c5.jpg',NULL,'local',NULL,'/1','2023-09-24 23:48:49.992000','2023-09-24 23:48:49.992000',1,1),(55,'s_320_vaynguchomuathu.jpg',NULL,NULL,150,210,'{\"thumbnail\": {\"ext\": \".jpg\", \"url\": \"/uploads/thumbnail_s_320_vaynguchomuathu_b67b4e2362.jpg\", \"hash\": \"thumbnail_s_320_vaynguchomuathu_b67b4e2362\", \"mime\": \"image/jpeg\", \"name\": \"thumbnail_s_320_vaynguchomuathu.jpg\", \"path\": null, \"size\": 4.26, \"width\": 111, \"height\": 156}}','s_320_vaynguchomuathu_b67b4e2362','.jpg','image/jpeg',6.67,'/uploads/s_320_vaynguchomuathu_b67b4e2362.jpg',NULL,'local',NULL,'/1','2023-09-24 23:48:50.104000','2023-09-24 23:48:50.104000',1,1),(56,'SoMi.jpg',NULL,NULL,450,675,'{\"small\": {\"ext\": \".jpg\", \"url\": \"/uploads/small_So_Mi_8e770e8d4d.jpg\", \"hash\": \"small_So_Mi_8e770e8d4d\", \"mime\": \"image/jpeg\", \"name\": \"small_SoMi.jpg\", \"path\": null, \"size\": 12.09, \"width\": 333, \"height\": 500}, \"thumbnail\": {\"ext\": \".jpg\", \"url\": \"/uploads/thumbnail_So_Mi_8e770e8d4d.jpg\", \"hash\": \"thumbnail_So_Mi_8e770e8d4d\", \"mime\": \"image/jpeg\", \"name\": \"thumbnail_SoMi.jpg\", \"path\": null, \"size\": 2.44, \"width\": 104, \"height\": 156}}','So_Mi_8e770e8d4d','.jpg','image/jpeg',18.80,'/uploads/So_Mi_8e770e8d4d.jpg',NULL,'local',NULL,'/1','2023-09-24 23:48:50.142000','2023-09-24 23:48:50.142000',1,1),(57,'Somi_CS1.jpg',NULL,NULL,400,535,'{\"small\": {\"ext\": \".jpg\", \"url\": \"/uploads/small_Somi_CS_1_089e109711.jpg\", \"hash\": \"small_Somi_CS_1_089e109711\", \"mime\": \"image/jpeg\", \"name\": \"small_Somi_CS1.jpg\", \"path\": null, \"size\": 25.22, \"width\": 374, \"height\": 500}, \"thumbnail\": {\"ext\": \".jpg\", \"url\": \"/uploads/thumbnail_Somi_CS_1_089e109711.jpg\", \"hash\": \"thumbnail_Somi_CS_1_089e109711\", \"mime\": \"image/jpeg\", \"name\": \"thumbnail_Somi_CS1.jpg\", \"path\": null, \"size\": 4.46, \"width\": 117, \"height\": 156}}','Somi_CS_1_089e109711','.jpg','image/jpeg',27.51,'/uploads/Somi_CS_1_089e109711.jpg',NULL,'local',NULL,'/1','2023-09-24 23:48:50.144000','2023-09-24 23:48:50.144000',1,1),(58,'Somi_CS4.jpg',NULL,NULL,400,497,'{\"thumbnail\": {\"ext\": \".jpg\", \"url\": \"/uploads/thumbnail_Somi_CS_4_0dc60d045b.jpg\", \"hash\": \"thumbnail_Somi_CS_4_0dc60d045b\", \"mime\": \"image/jpeg\", \"name\": \"thumbnail_Somi_CS4.jpg\", \"path\": null, \"size\": 4.79, \"width\": 126, \"height\": 156}}','Somi_CS_4_0dc60d045b','.jpg','image/jpeg',27.25,'/uploads/Somi_CS_4_0dc60d045b.jpg',NULL,'local',NULL,'/1','2023-09-24 23:48:50.148000','2023-09-24 23:48:50.148000',1,1),(59,'Somi_CS3.jpg',NULL,NULL,400,389,'{\"thumbnail\": {\"ext\": \".jpg\", \"url\": \"/uploads/thumbnail_Somi_CS_3_c09cdc44f8.jpg\", \"hash\": \"thumbnail_Somi_CS_3_c09cdc44f8\", \"mime\": \"image/jpeg\", \"name\": \"thumbnail_Somi_CS3.jpg\", \"path\": null, \"size\": 6.1, \"width\": 160, \"height\": 156}}','Somi_CS_3_c09cdc44f8','.jpg','image/jpeg',23.88,'/uploads/Somi_CS_3_c09cdc44f8.jpg',NULL,'local',NULL,'/1','2023-09-24 23:48:50.159000','2023-09-24 23:48:50.159000',1,1),(60,'Somi1.jpg',NULL,NULL,500,522,'{\"small\": {\"ext\": \".jpg\", \"url\": \"/uploads/small_Somi1_aef4f746ae.jpg\", \"hash\": \"small_Somi1_aef4f746ae\", \"mime\": \"image/jpeg\", \"name\": \"small_Somi1.jpg\", \"path\": null, \"size\": 34.72, \"width\": 479, \"height\": 500}, \"thumbnail\": {\"ext\": \".jpg\", \"url\": \"/uploads/thumbnail_Somi1_aef4f746ae.jpg\", \"hash\": \"thumbnail_Somi1_aef4f746ae\", \"mime\": \"image/jpeg\", \"name\": \"thumbnail_Somi1.jpg\", \"path\": null, \"size\": 5.23, \"width\": 149, \"height\": 156}}','Somi1_aef4f746ae','.jpg','image/jpeg',37.68,'/uploads/Somi1_aef4f746ae.jpg',NULL,'local',NULL,'/1','2023-09-24 23:48:50.261000','2023-09-24 23:48:50.261000',1,1),(61,'Somi_CS5.jpg',NULL,NULL,400,522,'{\"small\": {\"ext\": \".jpg\", \"url\": \"/uploads/small_Somi_CS_5_0dde58761d.jpg\", \"hash\": \"small_Somi_CS_5_0dde58761d\", \"mime\": \"image/jpeg\", \"name\": \"small_Somi_CS5.jpg\", \"path\": null, \"size\": 31.4, \"width\": 383, \"height\": 500}, \"thumbnail\": {\"ext\": \".jpg\", \"url\": \"/uploads/thumbnail_Somi_CS_5_0dde58761d.jpg\", \"hash\": \"thumbnail_Somi_CS_5_0dde58761d\", \"mime\": \"image/jpeg\", \"name\": \"thumbnail_Somi_CS5.jpg\", \"path\": null, \"size\": 4.97, \"width\": 120, \"height\": 156}}','Somi_CS_5_0dde58761d','.jpg','image/jpeg',33.42,'/uploads/Somi_CS_5_0dde58761d.jpg',NULL,'local',NULL,'/1','2023-09-24 23:48:50.315000','2023-09-24 23:48:50.315000',1,1),(62,'somi5.jpg',NULL,NULL,156,200,'{\"thumbnail\": {\"ext\": \".jpg\", \"url\": \"/uploads/thumbnail_somi5_d592e0c1c4.jpg\", \"hash\": \"thumbnail_somi5_d592e0c1c4\", \"mime\": \"image/jpeg\", \"name\": \"thumbnail_somi5.jpg\", \"path\": null, \"size\": 4.93, \"width\": 122, \"height\": 156}}','somi5_d592e0c1c4','.jpg','image/jpeg',7.27,'/uploads/somi5_d592e0c1c4.jpg',NULL,'local',NULL,'/1','2023-09-24 23:48:50.325000','2023-09-24 23:48:50.325000',1,1),(63,'vay0.jpg',NULL,NULL,200,283,'{\"thumbnail\": {\"ext\": \".jpg\", \"url\": \"/uploads/thumbnail_vay0_c2d05e245f.jpg\", \"hash\": \"thumbnail_vay0_c2d05e245f\", \"mime\": \"image/jpeg\", \"name\": \"thumbnail_vay0.jpg\", \"path\": null, \"size\": 4.4, \"width\": 110, \"height\": 156}}','vay0_c2d05e245f','.jpg','image/jpeg',11.24,'/uploads/vay0_c2d05e245f.jpg',NULL,'local',NULL,'/1','2023-09-24 23:48:50.351000','2023-09-24 23:48:50.351000',1,1),(64,'sooc3.jpg',NULL,NULL,500,603,'{\"small\": {\"ext\": \".jpg\", \"url\": \"/uploads/small_sooc3_90cc340888.jpg\", \"hash\": \"small_sooc3_90cc340888\", \"mime\": \"image/jpeg\", \"name\": \"small_sooc3.jpg\", \"path\": null, \"size\": 20.31, \"width\": 415, \"height\": 500}, \"thumbnail\": {\"ext\": \".jpg\", \"url\": \"/uploads/thumbnail_sooc3_90cc340888.jpg\", \"hash\": \"thumbnail_sooc3_90cc340888\", \"mime\": \"image/jpeg\", \"name\": \"thumbnail_sooc3.jpg\", \"path\": null, \"size\": 3.63, \"width\": 130, \"height\": 156}}','sooc3_90cc340888','.jpg','image/jpeg',27.07,'/uploads/sooc3_90cc340888.jpg',NULL,'local',NULL,'/1','2023-09-24 23:48:50.400000','2023-09-24 23:48:50.400000',1,1),(65,'somi3.jpg',NULL,NULL,420,630,'{\"small\": {\"ext\": \".jpg\", \"url\": \"/uploads/small_somi3_931e0ccedd.jpg\", \"hash\": \"small_somi3_931e0ccedd\", \"mime\": \"image/jpeg\", \"name\": \"small_somi3.jpg\", \"path\": null, \"size\": 28.53, \"width\": 333, \"height\": 500}, \"thumbnail\": {\"ext\": \".jpg\", \"url\": \"/uploads/thumbnail_somi3_931e0ccedd.jpg\", \"hash\": \"thumbnail_somi3_931e0ccedd\", \"mime\": \"image/jpeg\", \"name\": \"thumbnail_somi3.jpg\", \"path\": null, \"size\": 4.91, \"width\": 104, \"height\": 156}}','somi3_931e0ccedd','.jpg','image/jpeg',41.19,'/uploads/somi3_931e0ccedd.jpg',NULL,'local',NULL,'/1','2023-09-24 23:48:50.424000','2023-09-24 23:48:50.424000',1,1),(66,'vay3.jpg',NULL,NULL,400,580,'{\"small\": {\"ext\": \".jpg\", \"url\": \"/uploads/small_vay3_b169885afc.jpg\", \"hash\": \"small_vay3_b169885afc\", \"mime\": \"image/jpeg\", \"name\": \"small_vay3.jpg\", \"path\": null, \"size\": 36.43, \"width\": 345, \"height\": 500}, \"thumbnail\": {\"ext\": \".jpg\", \"url\": \"/uploads/thumbnail_vay3_b169885afc.jpg\", \"hash\": \"thumbnail_vay3_b169885afc\", \"mime\": \"image/jpeg\", \"name\": \"thumbnail_vay3.jpg\", \"path\": null, \"size\": 5.42, \"width\": 108, \"height\": 156}}','vay3_b169885afc','.jpg','image/jpeg',46.29,'/uploads/vay3_b169885afc.jpg',NULL,'local',NULL,'/1','2023-09-24 23:48:50.501000','2023-09-24 23:48:50.501000',1,1),(67,'vay4.jpg',NULL,NULL,400,576,'{\"small\": {\"ext\": \".jpg\", \"url\": \"/uploads/small_vay4_c6c0348e9d.jpg\", \"hash\": \"small_vay4_c6c0348e9d\", \"mime\": \"image/jpeg\", \"name\": \"small_vay4.jpg\", \"path\": null, \"size\": 19.02, \"width\": 347, \"height\": 500}, \"thumbnail\": {\"ext\": \".jpg\", \"url\": \"/uploads/thumbnail_vay4_c6c0348e9d.jpg\", \"hash\": \"thumbnail_vay4_c6c0348e9d\", \"mime\": \"image/jpeg\", \"name\": \"thumbnail_vay4.jpg\", \"path\": null, \"size\": 3.31, \"width\": 108, \"height\": 156}}','vay4_c6c0348e9d','.jpg','image/jpeg',23.35,'/uploads/vay4_c6c0348e9d.jpg',NULL,'local',NULL,'/1','2023-09-24 23:48:50.541000','2023-09-24 23:48:50.541000',1,1),(68,'vay5.jpg',NULL,NULL,400,576,'{\"small\": {\"ext\": \".jpg\", \"url\": \"/uploads/small_vay5_2522044af3.jpg\", \"hash\": \"small_vay5_2522044af3\", \"mime\": \"image/jpeg\", \"name\": \"small_vay5.jpg\", \"path\": null, \"size\": 20.14, \"width\": 347, \"height\": 500}, \"thumbnail\": {\"ext\": \".jpg\", \"url\": \"/uploads/thumbnail_vay5_2522044af3.jpg\", \"hash\": \"thumbnail_vay5_2522044af3\", \"mime\": \"image/jpeg\", \"name\": \"thumbnail_vay5.jpg\", \"path\": null, \"size\": 3.16, \"width\": 108, \"height\": 156}}','vay5_2522044af3','.jpg','image/jpeg',25.30,'/uploads/vay5_2522044af3.jpg',NULL,'local',NULL,'/1','2023-09-24 23:48:50.562000','2023-09-24 23:48:50.562000',1,1),(69,'vay8.jpg',NULL,NULL,400,566,'{\"small\": {\"ext\": \".jpg\", \"url\": \"/uploads/small_vay8_30b459da95.jpg\", \"hash\": \"small_vay8_30b459da95\", \"mime\": \"image/jpeg\", \"name\": \"small_vay8.jpg\", \"path\": null, \"size\": 31.09, \"width\": 353, \"height\": 500}, \"thumbnail\": {\"ext\": \".jpg\", \"url\": \"/uploads/thumbnail_vay8_30b459da95.jpg\", \"hash\": \"thumbnail_vay8_30b459da95\", \"mime\": \"image/jpeg\", \"name\": \"thumbnail_vay8.jpg\", \"path\": null, \"size\": 4.28, \"width\": 110, \"height\": 156}}','vay8_30b459da95','.jpg','image/jpeg',38.38,'/uploads/vay8_30b459da95.jpg',NULL,'local',NULL,'/1','2023-09-24 23:48:50.599000','2023-09-24 23:48:50.599000',1,1),(70,'Vaylien.jpg',NULL,NULL,450,588,'{\"small\": {\"ext\": \".jpg\", \"url\": \"/uploads/small_Vaylien_974e06b211.jpg\", \"hash\": \"small_Vaylien_974e06b211\", \"mime\": \"image/jpeg\", \"name\": \"small_Vaylien.jpg\", \"path\": null, \"size\": 13.47, \"width\": 383, \"height\": 500}, \"thumbnail\": {\"ext\": \".jpg\", \"url\": \"/uploads/thumbnail_Vaylien_974e06b211.jpg\", \"hash\": \"thumbnail_Vaylien_974e06b211\", \"mime\": \"image/jpeg\", \"name\": \"thumbnail_Vaylien.jpg\", \"path\": null, \"size\": 2.53, \"width\": 119, \"height\": 156}}','Vaylien_974e06b211','.jpg','image/jpeg',16.18,'/uploads/Vaylien_974e06b211.jpg',NULL,'local',NULL,'/1','2023-09-24 23:48:50.631000','2023-09-24 23:48:50.631000',1,1),(71,'vaylien1.jpg',NULL,NULL,466,713,'{\"small\": {\"ext\": \".jpg\", \"url\": \"/uploads/small_vaylien1_e20bf57cd4.jpg\", \"hash\": \"small_vaylien1_e20bf57cd4\", \"mime\": \"image/jpeg\", \"name\": \"small_vaylien1.jpg\", \"path\": null, \"size\": 21.49, \"width\": 327, \"height\": 500}, \"thumbnail\": {\"ext\": \".jpg\", \"url\": \"/uploads/thumbnail_vaylien1_e20bf57cd4.jpg\", \"hash\": \"thumbnail_vaylien1_e20bf57cd4\", \"mime\": \"image/jpeg\", \"name\": \"thumbnail_vaylien1.jpg\", \"path\": null, \"size\": 3.33, \"width\": 102, \"height\": 156}}','vaylien1_e20bf57cd4','.jpg','image/jpeg',38.77,'/uploads/vaylien1_e20bf57cd4.jpg',NULL,'local',NULL,'/1','2023-09-24 23:48:50.664000','2023-09-24 23:48:50.664000',1,1),(72,'vaylien2.jpg',NULL,NULL,468,717,'{\"small\": {\"ext\": \".jpg\", \"url\": \"/uploads/small_vaylien2_181199edcd.jpg\", \"hash\": \"small_vaylien2_181199edcd\", \"mime\": \"image/jpeg\", \"name\": \"small_vaylien2.jpg\", \"path\": null, \"size\": 21.71, \"width\": 326, \"height\": 500}, \"thumbnail\": {\"ext\": \".jpg\", \"url\": \"/uploads/thumbnail_vaylien2_181199edcd.jpg\", \"hash\": \"thumbnail_vaylien2_181199edcd\", \"mime\": \"image/jpeg\", \"name\": \"thumbnail_vaylien2.jpg\", \"path\": null, \"size\": 3.47, \"width\": 102, \"height\": 156}}','vaylien2_181199edcd','.jpg','image/jpeg',39.65,'/uploads/vaylien2_181199edcd.jpg',NULL,'local',NULL,'/1','2023-09-24 23:48:50.733000','2023-09-24 23:48:50.733000',1,1),(73,'vaylien3.jpg',NULL,NULL,333,500,'{\"thumbnail\": {\"ext\": \".jpg\", \"url\": \"/uploads/thumbnail_vaylien3_15fcf70e95.jpg\", \"hash\": \"thumbnail_vaylien3_15fcf70e95\", \"mime\": \"image/jpeg\", \"name\": \"thumbnail_vaylien3.jpg\", \"path\": null, \"size\": 4.48, \"width\": 104, \"height\": 156}}','vaylien3_15fcf70e95','.jpg','image/jpeg',30.73,'/uploads/vaylien3_15fcf70e95.jpg',NULL,'local',NULL,'/1','2023-09-24 23:48:50.745000','2023-09-24 23:48:50.745000',1,1),(74,'vaylien4.jpg',NULL,NULL,400,575,'{\"small\": {\"ext\": \".jpg\", \"url\": \"/uploads/small_vaylien4_92ec70b58a.jpg\", \"hash\": \"small_vaylien4_92ec70b58a\", \"mime\": \"image/jpeg\", \"name\": \"small_vaylien4.jpg\", \"path\": null, \"size\": 24.98, \"width\": 348, \"height\": 500}, \"thumbnail\": {\"ext\": \".jpg\", \"url\": \"/uploads/thumbnail_vaylien4_92ec70b58a.jpg\", \"hash\": \"thumbnail_vaylien4_92ec70b58a\", \"mime\": \"image/jpeg\", \"name\": \"thumbnail_vaylien4.jpg\", \"path\": null, \"size\": 4.09, \"width\": 109, \"height\": 156}}','vaylien4_92ec70b58a','.jpg','image/jpeg',30.42,'/uploads/vaylien4_92ec70b58a.jpg',NULL,'local',NULL,'/1','2023-09-24 23:48:50.778000','2023-09-24 23:48:50.778000',1,1),(75,'Vaylien6.jpg',NULL,NULL,400,537,'{\"small\": {\"ext\": \".jpg\", \"url\": \"/uploads/small_Vaylien6_46b646d070.jpg\", \"hash\": \"small_Vaylien6_46b646d070\", \"mime\": \"image/jpeg\", \"name\": \"small_Vaylien6.jpg\", \"path\": null, \"size\": 27.56, \"width\": 372, \"height\": 500}, \"thumbnail\": {\"ext\": \".jpg\", \"url\": \"/uploads/thumbnail_Vaylien6_46b646d070.jpg\", \"hash\": \"thumbnail_Vaylien6_46b646d070\", \"mime\": \"image/jpeg\", \"name\": \"thumbnail_Vaylien6.jpg\", \"path\": null, \"size\": 4.51, \"width\": 116, \"height\": 156}}','Vaylien6_46b646d070','.jpg','image/jpeg',30.93,'/uploads/Vaylien6_46b646d070.jpg',NULL,'local',NULL,'/1','2023-09-24 23:48:50.815000','2023-09-24 23:48:50.815000',1,1),(76,'vaylien14.jpg',NULL,NULL,400,529,'{\"small\": {\"ext\": \".jpg\", \"url\": \"/uploads/small_vaylien14_dc23f96898.jpg\", \"hash\": \"small_vaylien14_dc23f96898\", \"mime\": \"image/jpeg\", \"name\": \"small_vaylien14.jpg\", \"path\": null, \"size\": 34.49, \"width\": 378, \"height\": 500}, \"thumbnail\": {\"ext\": \".jpg\", \"url\": \"/uploads/thumbnail_vaylien14_dc23f96898.jpg\", \"hash\": \"thumbnail_vaylien14_dc23f96898\", \"mime\": \"image/jpeg\", \"name\": \"thumbnail_vaylien14.jpg\", \"path\": null, \"size\": 5.53, \"width\": 118, \"height\": 156}}','vaylien14_dc23f96898','.jpg','image/jpeg',38.71,'/uploads/vaylien14_dc23f96898.jpg',NULL,'local',NULL,'/1','2023-09-24 23:48:50.868000','2023-09-24 23:48:50.868000',1,1),(77,'Vayngu1.jpg',NULL,NULL,500,750,'{\"small\": {\"ext\": \".jpg\", \"url\": \"/uploads/small_Vayngu1_a30db726f7.jpg\", \"hash\": \"small_Vayngu1_a30db726f7\", \"mime\": \"image/jpeg\", \"name\": \"small_Vayngu1.jpg\", \"path\": null, \"size\": 24.01, \"width\": 333, \"height\": 500}, \"thumbnail\": {\"ext\": \".jpg\", \"url\": \"/uploads/thumbnail_Vayngu1_a30db726f7.jpg\", \"hash\": \"thumbnail_Vayngu1_a30db726f7\", \"mime\": \"image/jpeg\", \"name\": \"thumbnail_Vayngu1.jpg\", \"path\": null, \"size\": 3.7, \"width\": 104, \"height\": 156}}','Vayngu1_a30db726f7','.jpg','image/jpeg',36.01,'/uploads/Vayngu1_a30db726f7.jpg',NULL,'local',NULL,'/1','2023-09-24 23:48:50.886000','2023-09-24 23:48:50.886000',1,1),(78,'vayngu2.jpg',NULL,NULL,500,750,'{\"small\": {\"ext\": \".jpg\", \"url\": \"/uploads/small_vayngu2_ebb7cd5acc.jpg\", \"hash\": \"small_vayngu2_ebb7cd5acc\", \"mime\": \"image/jpeg\", \"name\": \"small_vayngu2.jpg\", \"path\": null, \"size\": 27.63, \"width\": 333, \"height\": 500}, \"thumbnail\": {\"ext\": \".jpg\", \"url\": \"/uploads/thumbnail_vayngu2_ebb7cd5acc.jpg\", \"hash\": \"thumbnail_vayngu2_ebb7cd5acc\", \"mime\": \"image/jpeg\", \"name\": \"thumbnail_vayngu2.jpg\", \"path\": null, \"size\": 4.32, \"width\": 104, \"height\": 156}}','vayngu2_ebb7cd5acc','.jpg','image/jpeg',41.08,'/uploads/vayngu2_ebb7cd5acc.jpg',NULL,'local',NULL,'/1','2023-09-24 23:48:50.936000','2023-09-24 23:48:50.936000',1,1),(79,'vest1.jpg',NULL,NULL,200,298,'{\"thumbnail\": {\"ext\": \".jpg\", \"url\": \"/uploads/thumbnail_vest1_bd984b494d.jpg\", \"hash\": \"thumbnail_vest1_bd984b494d\", \"mime\": \"image/jpeg\", \"name\": \"thumbnail_vest1.jpg\", \"path\": null, \"size\": 3.61, \"width\": 105, \"height\": 156}}','vest1_bd984b494d','.jpg','image/jpeg',9.44,'/uploads/vest1_bd984b494d.jpg',NULL,'local',NULL,'/1','2023-09-24 23:48:50.959000','2023-09-24 23:48:50.959000',1,1),(80,'Vest.jpg',NULL,NULL,400,597,'{\"small\": {\"ext\": \".jpg\", \"url\": \"/uploads/small_Vest_48dd2eb1e5.jpg\", \"hash\": \"small_Vest_48dd2eb1e5\", \"mime\": \"image/jpeg\", \"name\": \"small_Vest.jpg\", \"path\": null, \"size\": 18.23, \"width\": 335, \"height\": 500}, \"thumbnail\": {\"ext\": \".jpg\", \"url\": \"/uploads/thumbnail_Vest_48dd2eb1e5.jpg\", \"hash\": \"thumbnail_Vest_48dd2eb1e5\", \"mime\": \"image/jpeg\", \"name\": \"thumbnail_Vest.jpg\", \"path\": null, \"size\": 3.17, \"width\": 105, \"height\": 156}}','Vest_48dd2eb1e5','.jpg','image/jpeg',24.78,'/uploads/Vest_48dd2eb1e5.jpg',NULL,'local',NULL,'/1','2023-09-24 23:48:50.992000','2023-09-24 23:48:50.992000',1,1),(81,'vest2.jpg',NULL,NULL,200,298,'{\"thumbnail\": {\"ext\": \".jpg\", \"url\": \"/uploads/thumbnail_vest2_ea14416b5c.jpg\", \"hash\": \"thumbnail_vest2_ea14416b5c\", \"mime\": \"image/jpeg\", \"name\": \"thumbnail_vest2.jpg\", \"path\": null, \"size\": 4.32, \"width\": 105, \"height\": 156}}','vest2_ea14416b5c','.jpg','image/jpeg',12.17,'/uploads/vest2_ea14416b5c.jpg',NULL,'local',NULL,'/1','2023-09-24 23:48:51.023000','2023-09-24 23:48:51.023000',1,1),(82,'vest5.jpg',NULL,NULL,400,471,'{\"thumbnail\": {\"ext\": \".jpg\", \"url\": \"/uploads/thumbnail_vest5_57667435bb.jpg\", \"hash\": \"thumbnail_vest5_57667435bb\", \"mime\": \"image/jpeg\", \"name\": \"thumbnail_vest5.jpg\", \"path\": null, \"size\": 4.81, \"width\": 133, \"height\": 156}}','vest5_57667435bb','.jpg','image/jpeg',28.00,'/uploads/vest5_57667435bb.jpg',NULL,'local',NULL,'/1','2023-09-24 23:48:51.096000','2023-09-24 23:48:51.096000',1,1),(83,'vest6.jpg',NULL,NULL,400,459,'{\"thumbnail\": {\"ext\": \".jpg\", \"url\": \"/uploads/thumbnail_vest6_a83e89254e.jpg\", \"hash\": \"thumbnail_vest6_a83e89254e\", \"mime\": \"image/jpeg\", \"name\": \"thumbnail_vest6.jpg\", \"path\": null, \"size\": 3.86, \"width\": 136, \"height\": 156}}','vest6_a83e89254e','.jpg','image/jpeg',19.63,'/uploads/vest6_a83e89254e.jpg',NULL,'local',NULL,'/1','2023-09-24 23:48:51.098000','2023-09-24 23:48:51.098000',1,1),(84,'vest11.jpg',NULL,NULL,400,558,'{\"small\": {\"ext\": \".jpg\", \"url\": \"/uploads/small_vest11_6989eb5cc5.jpg\", \"hash\": \"small_vest11_6989eb5cc5\", \"mime\": \"image/jpeg\", \"name\": \"small_vest11.jpg\", \"path\": null, \"size\": 37.87, \"width\": 358, \"height\": 500}, \"thumbnail\": {\"ext\": \".jpg\", \"url\": \"/uploads/thumbnail_vest11_6989eb5cc5.jpg\", \"hash\": \"thumbnail_vest11_6989eb5cc5\", \"mime\": \"image/jpeg\", \"name\": \"thumbnail_vest11.jpg\", \"path\": null, \"size\": 5.74, \"width\": 112, \"height\": 156}}','vest11_6989eb5cc5','.jpg','image/jpeg',46.86,'/uploads/vest11_6989eb5cc5.jpg',NULL,'local',NULL,'/1','2023-09-24 23:48:51.187000','2023-09-24 23:58:32.316000',1,1),(85,'Vest12.jpg',NULL,NULL,400,570,'{\"small\": {\"ext\": \".jpg\", \"url\": \"/uploads/small_Vest12_9af663a8c8.jpg\", \"hash\": \"small_Vest12_9af663a8c8\", \"mime\": \"image/jpeg\", \"name\": \"small_Vest12.jpg\", \"path\": null, \"size\": 21.73, \"width\": 351, \"height\": 500}, \"thumbnail\": {\"ext\": \".jpg\", \"url\": \"/uploads/thumbnail_Vest12_9af663a8c8.jpg\", \"hash\": \"thumbnail_Vest12_9af663a8c8\", \"mime\": \"image/jpeg\", \"name\": \"thumbnail_Vest12.jpg\", \"path\": null, \"size\": 3.68, \"width\": 109, \"height\": 156}}','Vest12_9af663a8c8','.jpg','image/jpeg',27.33,'/uploads/Vest12_9af663a8c8.jpg',NULL,'local',NULL,'/1','2023-09-24 23:48:51.211000','2023-09-24 23:58:10.958000',1,1),(86,'Vest13.jpg',NULL,NULL,400,648,'{\"small\": {\"ext\": \".jpg\", \"url\": \"/uploads/small_Vest13_fe9a7f91a9.jpg\", \"hash\": \"small_Vest13_fe9a7f91a9\", \"mime\": \"image/jpeg\", \"name\": \"small_Vest13.jpg\", \"path\": null, \"size\": 23.21, \"width\": 309, \"height\": 500}, \"thumbnail\": {\"ext\": \".jpg\", \"url\": \"/uploads/thumbnail_Vest13_fe9a7f91a9.jpg\", \"hash\": \"thumbnail_Vest13_fe9a7f91a9\", \"mime\": \"image/jpeg\", \"name\": \"thumbnail_Vest13.jpg\", \"path\": null, \"size\": 3.8, \"width\": 96, \"height\": 156}}','Vest13_fe9a7f91a9','.jpg','image/jpeg',35.45,'/uploads/Vest13_fe9a7f91a9.jpg',NULL,'local',NULL,'/1','2023-09-24 23:48:51.222000','2023-09-24 23:48:51.222000',1,1),(87,'Ao_Cuoi_2010_01_0018-01.jpg',NULL,NULL,495,700,'{\"small\": {\"ext\": \".jpg\", \"url\": \"/uploads/small_Ao_Cuoi_2010_01_0018_01_9383fbc917.jpg\", \"hash\": \"small_Ao_Cuoi_2010_01_0018_01_9383fbc917\", \"mime\": \"image/jpeg\", \"name\": \"small_Ao_Cuoi_2010_01_0018-01.jpg\", \"path\": null, \"size\": 18.56, \"width\": 354, \"height\": 500}, \"thumbnail\": {\"ext\": \".jpg\", \"url\": \"/uploads/thumbnail_Ao_Cuoi_2010_01_0018_01_9383fbc917.jpg\", \"hash\": \"thumbnail_Ao_Cuoi_2010_01_0018_01_9383fbc917\", \"mime\": \"image/jpeg\", \"name\": \"thumbnail_Ao_Cuoi_2010_01_0018-01.jpg\", \"path\": null, \"size\": 3.06, \"width\": 110, \"height\": 156}}','Ao_Cuoi_2010_01_0018_01_9383fbc917','.jpg','image/jpeg',32.88,'/uploads/Ao_Cuoi_2010_01_0018_01_9383fbc917.jpg',NULL,'local',NULL,'/1','2023-09-24 23:48:51.269000','2023-09-24 23:57:50.512000',1,1),(88,'Ao_Cuoi_2010_01_0018-06.jpg',NULL,NULL,495,700,'{\"small\": {\"ext\": \".jpg\", \"url\": \"/uploads/small_Ao_Cuoi_2010_01_0018_06_a5a09bc584.jpg\", \"hash\": \"small_Ao_Cuoi_2010_01_0018_06_a5a09bc584\", \"mime\": \"image/jpeg\", \"name\": \"small_Ao_Cuoi_2010_01_0018-06.jpg\", \"path\": null, \"size\": 29.68, \"width\": 354, \"height\": 500}, \"thumbnail\": {\"ext\": \".jpg\", \"url\": \"/uploads/thumbnail_Ao_Cuoi_2010_01_0018_06_a5a09bc584.jpg\", \"hash\": \"thumbnail_Ao_Cuoi_2010_01_0018_06_a5a09bc584\", \"mime\": \"image/jpeg\", \"name\": \"thumbnail_Ao_Cuoi_2010_01_0018-06.jpg\", \"path\": null, \"size\": 4.11, \"width\": 110, \"height\": 156}}','Ao_Cuoi_2010_01_0018_06_a5a09bc584','.jpg','image/jpeg',51.28,'/uploads/Ao_Cuoi_2010_01_0018_06_a5a09bc584.jpg',NULL,'local',NULL,'/1','2023-09-24 23:48:51.331000','2023-09-24 23:48:51.331000',1,1);
/*!40000 ALTER TABLE `files` ENABLE KEYS */;
UNLOCK TABLES;

--
-- Table structure for table `files_folder_links`
--

DROP TABLE IF EXISTS `files_folder_links`;
/*!40101 SET @saved_cs_client     = @@character_set_client */;
/*!50503 SET character_set_client = utf8mb4 */;
CREATE TABLE `files_folder_links` (
  `id` int unsigned NOT NULL AUTO_INCREMENT,
  `file_id` int unsigned DEFAULT NULL,
  `folder_id` int unsigned DEFAULT NULL,
  `file_order` double unsigned DEFAULT NULL,
  PRIMARY KEY (`id`),
  UNIQUE KEY `files_folder_links_unique` (`file_id`,`folder_id`),
  KEY `files_folder_links_fk` (`file_id`),
  KEY `files_folder_links_inv_fk` (`folder_id`),
  KEY `files_folder_links_order_inv_fk` (`file_order`),
  CONSTRAINT `files_folder_links_fk` FOREIGN KEY (`file_id`) REFERENCES `files` (`id`) ON DELETE CASCADE,
  CONSTRAINT `files_folder_links_inv_fk` FOREIGN KEY (`folder_id`) REFERENCES `upload_folders` (`id`) ON DELETE CASCADE
) ENGINE=InnoDB AUTO_INCREMENT=93 DEFAULT CHARSET=utf8mb4 COLLATE=utf8mb4_0900_ai_ci;
/*!40101 SET character_set_client = @saved_cs_client */;

--
-- Dumping data for table `files_folder_links`
--

LOCK TABLES `files_folder_links` WRITE;
/*!40000 ALTER TABLE `files_folder_links` DISABLE KEYS */;
INSERT INTO `files_folder_links` VALUES (23,23,1,1),(24,24,1,1),(25,25,1,1),(26,26,1,1),(27,27,1,2),(28,28,1,3),(29,29,1,4),(30,30,1,4),(31,31,1,5),(32,32,1,6),(33,33,1,7),(34,34,1,8),(35,35,1,9),(36,36,1,10),(37,37,1,11),(38,38,1,12),(39,39,1,13),(40,40,1,14),(41,41,1,15),(42,42,1,16),(43,43,1,17),(44,44,1,18),(45,45,1,19),(46,46,1,20),(47,47,1,21),(48,48,1,21),(49,49,1,22),(50,50,1,23),(51,51,1,24),(52,52,1,25),(53,53,1,26),(54,54,1,26),(55,55,1,27),(56,56,1,28),(57,57,1,28),(58,58,1,29),(59,59,1,30),(60,60,1,31),(61,61,1,32),(62,62,1,33),(63,63,1,34),(64,64,1,35),(65,65,1,36),(66,66,1,37),(67,67,1,38),(68,68,1,39),(69,69,1,40),(70,70,1,41),(71,71,1,42),(72,72,1,43),(73,73,1,44),(74,74,1,45),(75,75,1,46),(76,76,1,47),(77,77,1,48),(78,78,1,49),(79,79,1,50),(80,80,1,51),(81,81,1,52),(82,82,1,53),(83,83,1,53),(84,84,1,54),(85,85,1,55),(86,86,1,56),(87,87,1,57),(88,88,1,58);
/*!40000 ALTER TABLE `files_folder_links` ENABLE KEYS */;
UNLOCK TABLES;

--
-- Table structure for table `files_related_morphs`
--

DROP TABLE IF EXISTS `files_related_morphs`;
/*!40101 SET @saved_cs_client     = @@character_set_client */;
/*!50503 SET character_set_client = utf8mb4 */;
CREATE TABLE `files_related_morphs` (
  `id` int unsigned NOT NULL AUTO_INCREMENT,
  `file_id` int unsigned DEFAULT NULL,
  `related_id` int unsigned DEFAULT NULL,
  `related_type` varchar(255) DEFAULT NULL,
  `field` varchar(255) DEFAULT NULL,
  `order` double unsigned DEFAULT NULL,
  PRIMARY KEY (`id`),
  KEY `files_related_morphs_fk` (`file_id`),
  KEY `files_related_morphs_order_index` (`order`),
  KEY `files_related_morphs_id_column_index` (`related_id`),
  CONSTRAINT `files_related_morphs_fk` FOREIGN KEY (`file_id`) REFERENCES `files` (`id`) ON DELETE CASCADE
) ENGINE=InnoDB AUTO_INCREMENT=23 DEFAULT CHARSET=utf8mb4 COLLATE=utf8mb4_0900_ai_ci;
/*!40101 SET character_set_client = @saved_cs_client */;

--
-- Dumping data for table `files_related_morphs`
--

LOCK TABLES `files_related_morphs` WRITE;
/*!40000 ALTER TABLE `files_related_morphs` DISABLE KEYS */;
INSERT INTO `files_related_morphs` VALUES (1,NULL,NULL,NULL,NULL,NULL),(2,NULL,NULL,NULL,NULL,NULL),(13,88,5,'api::product.product','image',1),(14,87,3,'api::product.product','image',1),(15,86,18,'api::product.product','image',1),(16,85,6,'api::product.product','image',1),(17,77,8,'api::product.product','image',1),(18,76,16,'api::product.product','image',1),(19,69,14,'api::product.product','image',1),(20,84,20,'api::product.product','image',1),(21,83,7,'api::product.product','image',1),(22,82,13,'api::product.product','image',1);
/*!40000 ALTER TABLE `files_related_morphs` ENABLE KEYS */;
UNLOCK TABLES;

--
-- Table structure for table `i18n_locale`
--

DROP TABLE IF EXISTS `i18n_locale`;
/*!40101 SET @saved_cs_client     = @@character_set_client */;
/*!50503 SET character_set_client = utf8mb4 */;
CREATE TABLE `i18n_locale` (
  `id` int unsigned NOT NULL AUTO_INCREMENT,
  `name` varchar(255) DEFAULT NULL,
  `code` varchar(255) DEFAULT NULL,
  `created_at` datetime(6) DEFAULT NULL,
  `updated_at` datetime(6) DEFAULT NULL,
  `created_by_id` int unsigned DEFAULT NULL,
  `updated_by_id` int unsigned DEFAULT NULL,
  PRIMARY KEY (`id`),
  KEY `i18n_locale_created_by_id_fk` (`created_by_id`),
  KEY `i18n_locale_updated_by_id_fk` (`updated_by_id`),
  CONSTRAINT `i18n_locale_created_by_id_fk` FOREIGN KEY (`created_by_id`) REFERENCES `admin_users` (`id`) ON DELETE SET NULL,
  CONSTRAINT `i18n_locale_updated_by_id_fk` FOREIGN KEY (`updated_by_id`) REFERENCES `admin_users` (`id`) ON DELETE SET NULL
) ENGINE=InnoDB AUTO_INCREMENT=2 DEFAULT CHARSET=utf8mb4 COLLATE=utf8mb4_0900_ai_ci;
/*!40101 SET character_set_client = @saved_cs_client */;

--
-- Dumping data for table `i18n_locale`
--

LOCK TABLES `i18n_locale` WRITE;
/*!40000 ALTER TABLE `i18n_locale` DISABLE KEYS */;
INSERT INTO `i18n_locale` VALUES (1,'English (en)','en','2023-09-05 23:05:03.146000','2023-09-05 23:05:03.146000',NULL,NULL);
/*!40000 ALTER TABLE `i18n_locale` ENABLE KEYS */;
UNLOCK TABLES;

--
-- Table structure for table `news_feeds`
--

DROP TABLE IF EXISTS `news_feeds`;
/*!40101 SET @saved_cs_client     = @@character_set_client */;
/*!50503 SET character_set_client = utf8mb4 */;
CREATE TABLE `news_feeds` (
  `id` int unsigned NOT NULL AUTO_INCREMENT,
  `newsname` varchar(255) DEFAULT NULL,
  `details` longtext,
  `created_at` datetime(6) DEFAULT NULL,
  `updated_at` datetime(6) DEFAULT NULL,
  `published_at` datetime(6) DEFAULT NULL,
  `created_by_id` int unsigned DEFAULT NULL,
  `updated_by_id` int unsigned DEFAULT NULL,
  PRIMARY KEY (`id`),
  KEY `news_feeds_created_by_id_fk` (`created_by_id`),
  KEY `news_feeds_updated_by_id_fk` (`updated_by_id`),
  CONSTRAINT `news_feeds_created_by_id_fk` FOREIGN KEY (`created_by_id`) REFERENCES `admin_users` (`id`) ON DELETE SET NULL,
  CONSTRAINT `news_feeds_updated_by_id_fk` FOREIGN KEY (`updated_by_id`) REFERENCES `admin_users` (`id`) ON DELETE SET NULL
) ENGINE=InnoDB AUTO_INCREMENT=21 DEFAULT CHARSET=utf8mb4 COLLATE=utf8mb4_0900_ai_ci;
/*!40101 SET character_set_client = @saved_cs_client */;

--
-- Dumping data for table `news_feeds`
--

LOCK TABLES `news_feeds` WRITE;
/*!40000 ALTER TABLE `news_feeds` DISABLE KEYS */;
INSERT INTO `news_feeds` VALUES (11,'Configurable asymmetric encryption crate','Sáu làm ờ đồng tủ mười. Chết tím hết ác. Viết viết ghét nhà máy xuồng mướn á dép giày. Hàng đạp con chín ừ nón thế không bốn lỗi. Được bạn đánh tím ruộng tám nhà ba làm thuyền. Tui làm hóa trời mướn một biển.\nMướn nghỉ á leo. Ruộng thuê xe hương khoan quần tím cửa cửa áo. Á khâu biển. Thích biết may nón nước á ruộng xuồng vẽ.\nGiày mười độc không thuê việc ngọt bè ruộng anh. Gió thuyền bơi. Tô cửa nhà viết tui nước.\nGhế chín xanh thuyền ghế tàu. Chín sáu là đạp mây nón mười may độc. Ừ ba lỗi vá khoan.\nChỉ giày được trăng năm thế bè bơi ba thuê. Tám máy nón được tô quê làm bè con phá. Tôi độc á hàng xanh khoan ừ chín nước. Ghế là trời. Làm hai ghế. Xe nhà ngọt hóa được nhà xanh bơi.','2023-09-06 00:10:47.404000','2023-09-24 22:04:03.492000','2023-09-24 22:04:03.489000',NULL,1),(12,'Operative exuding customer loyalty poker','Giày độc gì kim. Kim đỏ xuồng kim vẽ ba bàn biết. Leo tô leo. Một bạn bạn hóa độc mượn xuồng làm đá.\nChỉ yêu lỗi tím chết. Thuyền mua hết chết sáu. Leo thì mướn em. Chìm hóa biết ác hết chỉ dép là mướn gió. Cái biển cái tủ năm thương tô thì.\nRuộng lỗi xe xanh. Quần mây xuồng tui chín bốn gió. Mướn thuyền nhà bảy. Giày gió á ghế thuyền cái. Được nha bạn anh.\nGì máy khoảng gió nón mây máy biển đánh. Ghế tô chết bè. Vẽ làm thương. Thôi đã giày.\nCon thương xe ờ bốn độc chín gì. Á chìm hương. Tám hương làm biết bơi năm đập nghỉ vàng. Thích đồng trời.','2023-09-06 00:10:47.420000','2023-09-24 22:04:11.588000','2023-09-24 22:04:11.580000',NULL,1),(13,'Operative next generation hub value','Mượn năm vá tủ đá. Xanh hương bảy đập nha. Sáu biết tôi vàng thuê đâu. Đập ruộng thuê hàng.\nNgọt việc cái bốn một. Viết sáu trời tàu hương. Xe nước thích ác đỏ. Leo ghế mây yêu thuyền ruộng xe đã lỗi. Thương ruộng mượn đỏ hàng tô mua. Ừ hàng mướn ghế đồng đồng.\nNúi mướn đang áo vàng lầu đập nước đang. Làm biết may tô giết ờ thôi con thuyền. Bơi được gì chín á đỏ. Được cái quần hàng lầu chỉ thuê đạp việc xuồng. Mười lầu vẽ. Hai biết tôi chín lỗi nghỉ hết đâu hàng.\nTủ thì tàu gì gì phá em thế. Hóa bơi cái vá. Á con mua xe giày vẽ dép. Giết việc ác độc ác mướn quần nhà. Giày ờ anh xanh thế viết tui. Trăng trăng đá viết á đã quần đạp vá.\nCửa máy nghỉ. Thì em máy vàng bạn vẽ. Hóa bạn xe. Hàng mướn thuê khâu sáu bạn. Thích hai bè biển á bè nước. Con ghế xuồng khoảng mướn nghỉ bàn quần.','2023-09-06 00:10:47.430000','2023-09-24 22:04:14.390000','2023-09-24 22:04:14.388000',NULL,1),(14,'Quality-focused bandwidth-monitored system engine prior','Bơi thì mây bơi ác xe gì dép. Khâu nhà một ngọt một kim hết vá. Á thuyền thôi đâu thế đồng nón nghỉ em. Á cái áo xe đạp bốn việc xanh tôi hết.\nTui đánh đánh may trời. Hai một thuyền. Được may năm á nước leo sáu hết. Khoảng xe thương ghét hàng làm nha năm.\nThì làm nghỉ đá đồng. Trời thế đồng việc hàng mượn hóa viết thôi. Biết khoảng đập một con leo nha. Mây sáu ghế bơi hàng được thuê ừ vẽ. Một thương quê thuê.\nCái cái bơi con chết thôi quê. Tủ kim giết nước quần năm bè ác xe đang. Làm thế gì đập đỏ.\nLà tô xe ghét xe bơi. Nón tím giết bạn sáu. Chết đang một leo gì làm đá nước hai cửa.','2023-09-06 00:10:47.442000','2023-09-24 22:04:16.887000','2023-09-24 22:04:16.884000',NULL,1),(15,'Virtual bifurcated secured line hurry','Yêu mười em con. Chết hết anh. Chết nghỉ vá thuê xuồng.\nNón giết viết. Mướn xe bảy bảy máy lầu thuyền. Bàn là kim. Nghỉ hương lỗi trời thuyền yêu.\nBơi ba ngọt thì biết thì em yêu hàng vá. Xuồng được quê nha mua một bơi trời. Dép chỉ giết đánh máy phá em. Đỏ một áo thế chín ghét bảy.\nGhét vẽ việc ba yêu. Núi nón hóa gì ghét tui phá mướn áo. May hương thế đá bè đang tám tô. Ruộng núi khâu yêu viết núi một xanh.\nĐã làm bàn tàu thôi ba xanh. Cửa độc thế nha phá. Gì cửa tàu quần xe chết việc chín. Sáu bơi thuyền thuê chết làm núi đánh á.','2023-09-06 00:10:47.456000','2023-09-24 22:04:27.293000','2023-09-24 22:04:27.291000',NULL,1),(16,'Business-focused methodical open architecture torso','Khoan khoan biển yêu vàng máy ngọt. Vẽ chỉ ờ giết được hai mây. Ừ hàng trăng chết vàng một.\nKhâu đạp biển hết xanh hóa chết con bè máy. Vẽ chín bơi dép bốn sáu xe. Khoan nghỉ khoan trăng. Đâu viết nước khâu đập. Sáu thì năm.\nThương con gió. Hương hết á quần phá. Nón thôi giày ác bè là đánh trăng. Tím đỏ cửa chìm hương độc thương thương á núi.\nMột gió thôi. Trời mượn nón dép ờ núi thuê đã con. Tím mướn đá sáu quần đồng độc á sáu đá. Nha đạp đập đập á vá vẽ giết hóa. Biển đã bảy.\nLỗi hai đã giày nón ghế cửa. Ngọt bàn hương con. Được máy kim vá phá đã đá hương chìm.','2023-09-06 00:10:47.467000','2023-09-24 22:04:01.346000','2023-09-24 22:04:01.342000',NULL,1),(17,'Ergonomic background projection bonus','Trăng thích cái việc tủ ruộng tôi em. Máy kim gió lầu đang việc áo yêu vẽ. Một áo đạp.\nLeo khoan đã lầu tui gì á hai chín tủ. Ừ em đồng ngọt xanh nha ừ không. Ác làm xuồng. Năm nha gió xanh thì. Là vẽ ba yêu bạn đỏ đánh bơi nón làm. Nha đã mua vẽ một khoan cửa tám.\nThuyền là thôi hóa vá ác. Quê đỏ thế hương. Đánh mượn bè áo con trăng đang núi xanh.\nYêu núi con khoảng làm thích nha. Mướn tím lỗi ngọt ừ máy phá. Tôi bàn anh xe chín.\nĐộc nước vẽ bạn ba làm bàn. Con vá chỉ bè ghét. Cái bạn độc. Bảy biết thì ghét quần á.','2023-09-06 00:10:47.478000','2023-09-24 22:04:06.129000','2023-09-24 22:04:06.126000',NULL,1),(18,'Stand-alone background capability anime','Yêu á biết. Con áo mây tui thuê mười hết ác. Ba dép gió khoảng ghế cửa. Thuê việc thương hai chín mượn. Mây biết tàu năm bạn chìm là đá mười dép. Xanh con hai.\nCon mười tủ khoan bơi khâu khâu hàng. Tôi ghế khoảng. Ghế kim phá. Cửa tám giày.\nỪ may một tám nón thích biển đá độc trăng. Thuyền gió chết bơi khâu xuồng. Khâu thôi mướn ruộng ác ừ bạn chìm.\nKhoan mướn hết đâu yêu. Vá đâu đá hàng. Con thế thế gì vẽ ờ. Vẽ kim ghế nước may. May tôi việc leo tui thương.\nBốn hết mướn đập mua chỉ mây. Mây viết cái hai ghế núi mướn ờ tôi. Tím chỉ con độc ghét nha thì hết lỗi. Đâu núi đã anh. Là ờ đánh lỗi áo là là.','2023-09-06 00:10:47.489000','2023-09-24 22:04:24.708000','2023-09-24 22:04:24.705000',NULL,1),(19,'Adaptive didactic access sugar','Chìm con hương nha nha máy. Tàu may gì mượn á mây nha. Trăng ba năm.\nNha đang mười không. Bàn hàng tui ba được đỏ đánh nước. Thuê mây nha.\nTám kim thế gió. Mua phá ừ giết trăng ngọt tàu tím. Việc chết đá đâu con. Bạn yêu nước.\nNhà nón cửa bơi. Khoảng độc giết ngọt. Hết tôi á bàn xuồng làm. Viết trời đã chìm hàng giày lỗi. Thuê ác thuê.\nHương việc bàn thôi thích là trời. Hương bạn ghét tám quần tủ nón một. Kim tím đồng đánh thuyền.','2023-09-06 00:10:47.499000','2023-09-24 22:03:59.376000','2023-09-24 22:03:59.370000',NULL,1),(20,'Sharable clear-thinking utilisation plier','Kim lầu ác tím. Thì vá cái chín mây ruộng ghế. Chết ờ chìm việc bảy. Vàng hai ờ nha việc.\nEm năm tàu. Được á vàng khâu khoảng á phá. Bảy kim ừ dép ác. Mây thương làm. Khoảng ghét biết.\nSáu dép phá vàng bảy mượn kim anh biết tôi. Tôi bạn độc viết con. Quần mây vẽ việc thích ruộng kim. Xuồng lỗi á bốn thế thế. Tím giày trời phá áo. Bạn biển hết hàng đập bè mướn.\nGhế hàng may lỗi. Tôi bốn không mây ghét chết ghét. Việc mười bàn đang kim mười đỏ. Ghét mười hương thích tô. Mười đạp khâu.\nCửa bốn tui quần xanh. Thì tím thôi mượn. Kim bơi đập thế ừ mười không không đập quần.','2023-09-06 00:10:47.509000','2023-09-24 22:04:22.315000','2023-09-24 22:04:22.311000',NULL,1);
/*!40000 ALTER TABLE `news_feeds` ENABLE KEYS */;
UNLOCK TABLES;

--
-- Table structure for table `products`
--

DROP TABLE IF EXISTS `products`;
/*!40101 SET @saved_cs_client     = @@character_set_client */;
/*!50503 SET character_set_client = utf8mb4 */;
CREATE TABLE `products` (
  `id` int unsigned NOT NULL AUTO_INCREMENT,
  `product_name` varchar(255) DEFAULT NULL,
  `description` varchar(255) DEFAULT NULL,
  `detail` longtext,
  `price` bigint DEFAULT NULL,
  `created_at` datetime(6) DEFAULT NULL,
  `updated_at` datetime(6) DEFAULT NULL,
  `published_at` datetime(6) DEFAULT NULL,
  `created_by_id` int unsigned DEFAULT NULL,
  `updated_by_id` int unsigned DEFAULT NULL,
  PRIMARY KEY (`id`),
  KEY `products_created_by_id_fk` (`created_by_id`),
  KEY `products_updated_by_id_fk` (`updated_by_id`),
  CONSTRAINT `products_created_by_id_fk` FOREIGN KEY (`created_by_id`) REFERENCES `admin_users` (`id`) ON DELETE SET NULL,
  CONSTRAINT `products_updated_by_id_fk` FOREIGN KEY (`updated_by_id`) REFERENCES `admin_users` (`id`) ON DELETE SET NULL
) ENGINE=InnoDB AUTO_INCREMENT=21 DEFAULT CHARSET=utf8mb4 COLLATE=utf8mb4_0900_ai_ci;
/*!40101 SET character_set_client = @saved_cs_client */;

--
-- Dumping data for table `products`
--

LOCK TABLES `products` WRITE;
/*!40000 ALTER TABLE `products` DISABLE KEYS */;
INSERT INTO `products` VALUES (1,'Sports sonar','Ác đang nước làm mười may đang. Bạn thuê là em giày đâu chết cửa thế nước. Bè áo mua. Đạp mây chín một xe á yêu máy chết bè. Mượn biết ác anh nước yêu ruộng. Kim năm nghỉ tím.','Nghỉ hàng chỉ hương ác. Bốn tím giết được máy bàn ruộng. Thế chỉ đá tàu biển việc độc thuê tàu đánh. Ngọt tàu ghế đánh xe hết ghế đang tủ.\nĐạp thương thuyền đâu hương đã khoan bạn mua trăng. Thôi ruộng được xuồng không xe được. Cửa cái kim bốn. Vàng ừ chín.\nThế ngọt đạp áo nghỉ. Tủ ruộng giết không nhà không. Hương khâu viết vẽ may leo vẽ đâu nghỉ. Vẽ thế giết biết nghỉ cái thuyền. Thương gì hết bảy tím. Bạn lỗi phá kim là lầu đã việc núi mây.',45643,'2023-09-05 23:34:12.291000','2023-09-05 23:34:12.291000',NULL,NULL,NULL),(2,'Sports humor','Khoảng nghỉ mua độc quần gì giày khâu. Thì đồng nước hàng vá. Giết tôi nghỉ năm không bè. Được chết đỏ mười yêu anh giày khâu ác. Nghỉ lỗi bàn. Trăng thích hai quần may.','Bơi nhà biết tím ghế ờ. Là một đánh mười thuê. Yêu phá đâu khoảng bơi gió bạn ờ. Bàn quần cửa bốn tím trời chìm bảy. Chìm chết trời hai kim.\nLỗi tám tám cửa độc tui. Hóa phá nha mây ghế bàn tui. Ghế nha dép thuê con ừ anh trời vàng thuê. Mười vẽ áo tám kim là vàng máy thế chỉ. Hai mười vá.\nNghỉ chết ừ tô ghế đá bảy gió độc. Đập giày chìm mượn vá xanh bàn. Mây nha thế. Thì gì tủ. Gì núi thích tím một thuyền đâu làm thích.',25155,'2023-09-05 23:34:12.302000','2023-09-05 23:34:12.302000',NULL,NULL,NULL),(3,'Beauty koala','Đá làm ghét hương giết xuồng biết á anh. Xuồng leo nước. Hương phá thuê ờ độc ba nón.','Phá vẽ mua quê cái nhà tàu khoan. Nhà thuyền con biển máy ruộng đã đồng máy. Sáu núi biển xuồng anh. May là xanh.\nChỉ tám núi may. Tủ giày giết áo trăng anh gì. Xe xe xanh dép. Bảy mua chín leo không á tám một nhà vẽ.\nÁc yêu độc hương xuồng khoảng đạp hai thế tủ. Khâu hết giết máy. Đập chìm được trời bảy áo đỏ đã biển chìm. Bè quê được bơi.',91277,'2023-09-05 23:34:12.309000','2023-09-25 22:58:28.053000','2023-09-24 22:03:18.023000',NULL,1),(4,'Jewelery today','Em vàng thương khoảng nghỉ vàng dép gió nha. Gió gió áo. Áo ba xe ghét xuồng chín thuyền. Bảy nón sáu chỉ hết.','Tím thế không đâu. Trời hàng giết ngọt ruộng sáu vàng quần đỏ kim. Bàn thích ờ ừ nha. Nón mượn viết năm thế đâu.\nThương hương bảy thôi leo bàn trời đánh núi. Thế xanh năm khoan đạp tui. Là dép tui giày leo ừ ngọt phá xanh bạn. Lầu cái việc. Núi bơi ừ tàu là nghỉ chỉ lầu.\nHết nghỉ anh ác leo ghét phá đỏ một ba. Thuê bạn giết tím trời đã trời dép viết quê. Tím thôi mây độc lỗi.',78689,'2023-09-05 23:34:12.317000','2023-09-05 23:34:12.317000',NULL,NULL,NULL),(5,'Beauty earth','Hàng chết núi đánh nhà cửa ba ngọt hàng. Khoảng bốn ba một thương con tím vàng á. Ruộng là ruộng. Bơi ờ gì ác núi lầu. Hàng vá xanh tủ tui tô đồng năm. Đạp nghỉ anh thương đá.','Tủ việc tám. Bốn tôi ruộng chỉ hàng đồng nón. Thế em đá tui. Ghế mua đá hết giết độc. Ruộng thế ghét được nón may bơi. Mướn chết nước hàng thích tàu bốn bảy.\nKhoảng máy được đã viết hàng. Ba núi tui. Viết nha quần chỉ không ác gì đồng đỏ biển.\nQuê cửa chìm biển ba đã bạn việc. Nghỉ giày tàu đã. Ngọt thương quần cái lỗi ờ ba. Mướn tôi xanh biển dép. Đập tôi giết thuyền tàu anh. Hương bơi đánh mướn bạn mướn leo anh.',40839,'2023-09-05 23:34:12.323000','2023-09-25 22:58:23.703000','2023-09-24 22:03:14.646000',NULL,1),(6,'Clothing nylon','Hai gì thuê nghỉ ngọt khoảng là lỗi ruộng. Em mướn dép thế thương là vẽ đang. Viết tám ba gì nha. Khoảng đồng ghét nón bốn mướn leo năm tím. Mướn vá thuyền mười quê ờ tám á tủ quần. Tôi giày đánh không cửa đang khoảng ghế nghỉ độc.','Ghế cửa cái hai. Giày được chín nón quê hóa đập thương viết. Leo chỉ thuyền đánh kim bạn bàn. Quê biển bảy nhà. Vẽ nhà cái lỗi. Ờ thuê biết.\nAnh viết tô biết. Là ghét biển hương núi. Việc anh nón hết chết là nha trời.\nKim thì đá áo. Tám gió mua giết nghỉ sáu. Lỗi khoảng máy.',41486,'2023-09-05 23:34:12.331000','2023-09-25 22:58:36.782000','2023-09-24 22:03:28.851000',NULL,1),(7,'Grocery barge','Không tàu phá biển đạp là. Không con đập. Trời độc ngọt quê á con khoảng gì. Anh vẽ năm chỉ bạn. Ghế nha ờ đỏ mười nước vá. Ghét biển anh nón quê chín chín.','Máy nghỉ mây tàu cửa vẽ gió đỏ phá trời. Gì bơi nha chìm nước. Mua mượn quê.\nTrời lầu giết tôi kim dép phá vẽ độc em. Leo trời chỉ thì bảy núi. Bảy thì viết kim hết đồng. Chết xuồng yêu đá dép ờ.\nQuần bàn tui biển đá. Khâu hóa giày leo hai. Đồng độc bạn đang trăng chết. Mười ghế quê nhà phá xuồng may hàng. Ba tui sáu biển. Cửa lỗi khoảng biết mướn tàu bàn ngọt.',23063,'2023-09-05 23:34:12.337000','2023-09-25 22:58:58.919000','2023-09-24 22:03:52.872000',NULL,1),(8,'Computers heavy','Nón ác năm chỉ. May bơi áo chìm là viết mượn bạn. Kim độc dép đá may. Trời vàng á lỗi. Đá hương tủ nha đập ghế. Đạp bảy tui bàn.','Phá viết hương. Lầu á gió chín một giết ngọt hết. Đang đập con giày chỉ leo. Xanh tui cái ừ khoảng xanh được núi khoảng một.\nGiết ba nha phá cái máy bạn trăng bạn thuê. Phá đỏ giày thôi nón thương tám yêu. Mua mượn nha năm thích núi nón con chín. Thì làm mướn ruộng hết dép ba. Hàng đập bảy nón ghét hàng ờ bơi biển. Đá quê phá đâu thích giết nhà.\nĐã xanh bè bốn. Bơi bàn tôi tui độc bè hóa đánh cái. Quần đạp xuồng khoan anh viết biết kim. Xe tàu vá đồng xanh hóa.',82590,'2023-09-05 23:34:12.342000','2023-09-25 22:58:40.799000','2023-09-24 22:03:31.168000',NULL,1),(9,'Kids bonus','Hóa giết ờ. Đâu vàng giày khâu. Đá nước lỗi trăng. Phá đang mua năm đang vá quê hai. Bốn hai đỏ tô đỏ hóa núi vẽ khâu. Việc ghế phá khâu năm thương xe.','Bè đập mua em mây gió. Dép biển viết đồng nhà leo là phá. Mua đỏ hàng. Bốn chỉ thuê bốn bảy em được thì sáu ngọt. Đá hóa tám mười thôi tủ. Máy lầu giày tui may viết thế tám.\nVàng gì yêu bạn cửa dép leo khoan vá giày. Ngọt đỏ khoảng vá núi bốn ghế đang hóa khâu. Thương trăng núi bè tôi quần quê dép bốn làm.\nChỉ đồng hàng đỏ thế hóa đang. Làm kim trời quê quần đập chết đã. Được lầu anh ác may tím.',74542,'2023-09-05 23:34:12.351000','2023-09-05 23:34:12.351000',NULL,NULL,NULL),(10,'Jewelery beard','Dép trời á chỉ một kim tôi bè tui. Bạn trăng núi tàu bảy tủ ghế yêu. Ờ hết tím vẽ đỏ đạp khoảng làm. Tui được đánh tủ được.','Bạn đỏ là đang. Thương tím đồng quần tím mướn chết. Giết không tui đang bốn xuồng bảy thuyền nón giày.\nLầu ghế vàng áo ghế núi ba độc hai. Tui ba độc áo may con ghét giày trời hàng. Trời khâu thôi hết bốn.\nTui áo hai thương viết biết. Mười chỉ núi thương. Hết chết đạp dép.',29241,'2023-09-05 23:34:12.357000','2023-09-05 23:34:12.357000',NULL,NULL,NULL),(11,'Health skull','Sáu thích bàn thế ba tàu nước tàu đã anh. Giết nha kim ngọt tám nước gì. Vẽ bốn bốn. Chìm cái tàu được. Bè ghế tui thương. Mười khoảng biết tám tám đã.','Tủ năm hóa mây viết. Hương bốn thương vá biết đỏ xuồng một. Núi xuồng anh tím lỗi hóa. Khoan mây tôi khâu khâu anh kim giày. Đánh bàn việc bạn năm đạp giết.\nEm giết ruộng chín núi độc trăng mượn. Lầu mười biển á biết mua. Á mây mây cửa. Đánh chìm cái á.\nNghỉ mượn mướn bốn á được. Nước xe thích may gì. Tủ kim bè đỏ.',70008,'2023-09-06 00:04:11.301000','2023-09-06 00:04:11.301000',NULL,NULL,NULL),(12,'Grocery quiet','Núi gì đập được mượn. Hóa lầu trời chín đồng vá tàu ừ khoảng. Mướn trăng bè sáu hai.','Hết dép mười khoảng bàn yêu mướn. Lỗi tám giết bốn nghỉ khâu vá cửa khâu hương. Quần biết hai.\nTrăng trời đồng tủ viết cửa bảy đập. Nhà độc một khoan nón áo việc trăng. Biết tui nước đạp hóa cửa thế mây hương một.\nKhông thuê nón tô biển tàu mượn mua dép. Nhà ghét thương chín tàu. Tôi chỉ tô biển khâu con việc. Giày con nghỉ bè.',88911,'2023-09-06 00:04:11.314000','2023-09-06 00:04:11.314000',NULL,NULL,NULL),(13,'Garden alarm','Thế hóa thế anh thuyền lầu kim đồng thuyền hàng. Xanh đã đập. Phá biết bảy mướn viết thương xe. Á kim việc xanh chỉ gió gió. Anh bàn tủ. Ba hết mây.','Khâu bơi núi bơi được đâu biển phá. Em phá núi một máy được ba. Khâu thích chìm ghét cửa ác. Leo quần thích á đỏ.\nMượn tôi ghét một chìm quần đỏ giày xanh. Quê hương núi tô khoảng hàng giết vẽ thích. Vàng em độc việc. Gió thì thích đập thôi biết tím.\nNăm giết nha con áo ghét á nghỉ thôi. Nha quê vá ác biển. Thôi tàu một dép sáu. Không tui lầu được xe mượn làm khoảng ờ. Đá ngọt không trời mây tàu. Trời thuê bảy.',30017,'2023-09-06 00:04:11.324000','2023-09-25 22:59:03.238000','2023-09-24 22:48:51.978000',NULL,1),(14,'Computers torso','Mười quần đâu năm lỗi may đồng em. Chết tím đập nha thương sáu. Á phá bạn anh hóa núi. Ghét bơi trăng đồng. Hết dép may ngọt đã mười đập sáu. Độc đỏ tui á giết chết đá thích cửa.','Đá năm biết cửa ruộng bơi đỏ được. Xanh dép thuê nước đâu đâu. Nước tô bốn chết. Không xe bốn vá tủ giết.\nXe em em quê gió. Trăng anh đánh hết hai ghế. Hương ác thuyền ba đang. Nón lỗi kim tím tô độc con kim leo năm. Ngọt áo mướn xanh bè bốn á kim quê tám. Gió khoan thì bạn đá.\nQuần đồng khoan không việc tám. Một mười trời yêu. Chín bảy dép đồng chín ghét. Hai tím ừ tàu thế thôi bè leo. Đá thôi tím thôi đá anh bảy thuyền tám gì.',58816,'2023-09-06 00:04:11.335000','2023-09-25 22:58:50.204000','2023-09-24 22:03:38.871000',NULL,1),(15,'Toys meter','Một chín con gió là. Khoảng phá thôi nước phá. Nha bảy ờ ghét bơi bạn. Thích đạp chín thuyền đã nón chết mười. Năm bè bạn một gì biển em tám.','Xanh ghét tô trăng lầu thích. Nhà thuê máy tàu mượn cửa. Nhà một nha ừ mượn đồng bàn. Nhà được ngọt. Áo quê trăng hết tui nước thì biết.\nBè đỏ đồng. Trăng đạp hàng khoảng bơi thế thương thương. Kim phá ngọt mượn tám quần. Khoan ruộng gió. Lỗi ruộng hóa việc vá một vẽ tủ mướn thế.\nĐồng việc gì xe khoảng vá bạn được thế khoan. Khoan được viết lầu xanh tôi thích vá năm. Vẽ hóa kim. Khoảng nón trăng xe.',95843,'2023-09-06 00:04:11.348000','2023-09-06 00:04:11.348000',NULL,NULL,NULL),(16,'Computers scarf','Vàng giày con thuê. Núi thì ngọt ba đỏ đâu. Gió được quần nghỉ biển ừ tám phá đã. Bàn thuê may gió. Chìm nhà nhà con bè hương. Hàng gió anh tui áo ừ hóa tím.','Mượn tàu lỗi thì tui đánh máy xanh. Mây bàn giết. Bạn tủ thuyền không chỉ bè mượn.\nDép xuồng giày. Thuyền độc mười dép đỏ thôi. Yêu đạp nghỉ kim mười mua đang.\nTàu đánh hóa tím. Nghỉ nón được bạn ngọt tám. Là hai bốn vá em xe giết tủ thuyền. Sáu anh năm viết vá thế mây. Là ghét cửa ghế cửa.',97135,'2023-09-06 00:04:11.357000','2023-09-25 22:58:45.708000','2023-09-24 22:48:47.809000',NULL,1),(17,'Home dozen','Máy leo hàng bàn hóa mượn độc một. Giết lỗi ừ mua kim hương hương đồng thì bốn. Đánh ác bốn biết. Thuê chỉ thích nón không. Trời thôi bàn thế ghế trăng may.','Chín đâu may. Á áo bảy máy giết áo ờ. Vẽ là bốn nón mướn một một cái ruộng. Đạp độc á thích thương đập chỉ. Phá mướn đồng kim tàu biết gió đập xuồng tủ.\nBốn nhà đỏ con ác mua khoảng mua đạp hàng. Mây mười mướn ờ giết đã chỉ. Việc quê đập quần cái ghế. Đạp chìm thì bơi đâu bạn hàng viết viết. Lầu trăng thì khâu. Là dép nước thì ruộng thế là mua phá bè.\nNghỉ khâu áo lỗi độc nước yêu. Tui đâu bè lỗi may. Khoan áo hai trăng.',72440,'2023-09-06 00:04:11.368000','2023-09-06 00:04:11.368000',NULL,NULL,NULL),(18,'Books frost','Chết hàng làm chỉ độc khoan không. Nón may viết là thuê chỉ biển. Thương năm đỏ tô đỏ tám kim bốn. May đâu tám.','Đạp thích phá bảy phá đồng hết ba em. Một độc bốn đang chết hàng. Kim ghế thuê áo hàng độc núi.\nKhoan may thuyền ruộng ruộng thôi áo việc. Quê năm dép mây mua đá vẽ quần. Đỏ con bạn đang thích. Ờ nước chỉ. Tím hai nha tui.\nBàn một biển giày bàn thế đã. Viết làm gió bạn. Ruộng không làm khâu giết hóa độc.',63107,'2023-09-06 00:04:11.380000','2023-09-25 22:58:32.633000','2023-09-24 22:03:20.835000',NULL,1),(19,'Toys epoch','Giày thuê chỉ hương sáu máy đỏ ghét đập một. Thì đá giày mây thì việc nón chết thương bảy. Xuồng con một quê ngọt gió chín. Chỉ năm bơi thì anh trời phá hóa cái. Hai mười leo may lầu tủ thì trăng đạp trăng.','Cái thôi nước thuê. Năm mây em khoan đâu nha áo thuê đá. Á việc ghế tàu tàu ghét chỉ nha ghế. Năm ghế á nhà thích tám ba đang.\nTám xuồng chết nha chín leo mua. Nghỉ khâu xuồng làm tám kim núi. Cửa quần chỉ trời. Khoan thôi hương dép hóa cái. Thuê máy xanh nón hai bạn tàu nón. Dép thuê nghỉ thương quê.\nNgọt được chỉ tôi hai. Mười tàu đồng leo thương kim mướn đồng một. Hóa nha ba năm. Xuồng đâu bè khoan thuê được phá đá. Áo là nhà thuyền giày đạp chín chết máy xanh.',31110,'2023-09-06 00:04:11.389000','2023-09-06 00:04:11.389000',NULL,NULL,NULL),(20,'Grocery furry','Độc bè mua đồng biết không nghỉ. Mây hai hết biết. Cửa viết ba hai nón là. Không trời nhà.','Chết mướn ừ biển giày mười không một việc. Trăng hóa cửa trời nhà xanh trăng. Không nhà mua.\nĐá khoan đạp mười đang mướn thương đâu tám một. Cái tàu tàu ừ bốn. Đánh vẽ đồng đâu sáu lầu nha viết. Vàng một á nghỉ.\nThế phá năm xe nha không sáu hết xuồng. Tủ nhà mượn mua hai. Lỗi hàng thương ngọt đá máy một xuồng chìm bơi. Xuồng làm mướn ừ đạp biển tám hương thế vàng.',27838,'2023-09-06 00:04:11.400000','2023-09-25 22:58:54.680000','2023-09-24 22:03:55.518000',NULL,1);
/*!40000 ALTER TABLE `products` ENABLE KEYS */;
UNLOCK TABLES;

--
-- Table structure for table `products_category_links`
--

DROP TABLE IF EXISTS `products_category_links`;
/*!40101 SET @saved_cs_client     = @@character_set_client */;
/*!50503 SET character_set_client = utf8mb4 */;
CREATE TABLE `products_category_links` (
  `id` int unsigned NOT NULL AUTO_INCREMENT,
  `product_id` int unsigned DEFAULT NULL,
  `category_id` int unsigned DEFAULT NULL,
  PRIMARY KEY (`id`),
  UNIQUE KEY `products_category_links_unique` (`product_id`,`category_id`),
  KEY `products_category_links_fk` (`product_id`),
  KEY `products_category_links_inv_fk` (`category_id`),
  CONSTRAINT `products_category_links_fk` FOREIGN KEY (`product_id`) REFERENCES `products` (`id`) ON DELETE CASCADE,
  CONSTRAINT `products_category_links_inv_fk` FOREIGN KEY (`category_id`) REFERENCES `categories` (`id`) ON DELETE CASCADE
) ENGINE=InnoDB AUTO_INCREMENT=12 DEFAULT CHARSET=utf8mb4 COLLATE=utf8mb4_0900_ai_ci;
/*!40101 SET character_set_client = @saved_cs_client */;

--
-- Dumping data for table `products_category_links`
--

LOCK TABLES `products_category_links` WRITE;
/*!40000 ALTER TABLE `products_category_links` DISABLE KEYS */;
INSERT INTO `products_category_links` VALUES (1,NULL,NULL),(3,3,12),(2,5,11),(5,6,12),(10,7,12),(6,8,11),(11,13,11),(8,14,12),(7,16,11),(4,18,11),(9,20,11);
/*!40000 ALTER TABLE `products_category_links` ENABLE KEYS */;
UNLOCK TABLES;

--
-- Table structure for table `strapi_api_token_permissions`
--

DROP TABLE IF EXISTS `strapi_api_token_permissions`;
/*!40101 SET @saved_cs_client     = @@character_set_client */;
/*!50503 SET character_set_client = utf8mb4 */;
CREATE TABLE `strapi_api_token_permissions` (
  `id` int unsigned NOT NULL AUTO_INCREMENT,
  `action` varchar(255) DEFAULT NULL,
  `created_at` datetime(6) DEFAULT NULL,
  `updated_at` datetime(6) DEFAULT NULL,
  `created_by_id` int unsigned DEFAULT NULL,
  `updated_by_id` int unsigned DEFAULT NULL,
  PRIMARY KEY (`id`),
  KEY `strapi_api_token_permissions_created_by_id_fk` (`created_by_id`),
  KEY `strapi_api_token_permissions_updated_by_id_fk` (`updated_by_id`),
  CONSTRAINT `strapi_api_token_permissions_created_by_id_fk` FOREIGN KEY (`created_by_id`) REFERENCES `admin_users` (`id`) ON DELETE SET NULL,
  CONSTRAINT `strapi_api_token_permissions_updated_by_id_fk` FOREIGN KEY (`updated_by_id`) REFERENCES `admin_users` (`id`) ON DELETE SET NULL
) ENGINE=InnoDB AUTO_INCREMENT=30 DEFAULT CHARSET=utf8mb4 COLLATE=utf8mb4_0900_ai_ci;
/*!40101 SET character_set_client = @saved_cs_client */;

--
-- Dumping data for table `strapi_api_token_permissions`
--

LOCK TABLES `strapi_api_token_permissions` WRITE;
/*!40000 ALTER TABLE `strapi_api_token_permissions` DISABLE KEYS */;
INSERT INTO `strapi_api_token_permissions` VALUES (1,'api::category.category.find','2023-09-06 00:11:55.984000','2023-09-06 00:11:55.984000',NULL,NULL),(2,'api::category.category.findOne','2023-09-06 00:11:55.984000','2023-09-06 00:11:55.984000',NULL,NULL),(3,'api::category.category.create','2023-09-06 00:11:55.984000','2023-09-06 00:11:55.984000',NULL,NULL),(4,'api::category.category.update','2023-09-06 00:11:55.984000','2023-09-06 00:11:55.984000',NULL,NULL),(5,'api::category.category.delete','2023-09-06 00:11:55.984000','2023-09-06 00:11:55.984000',NULL,NULL),(6,'api::product.product.find','2023-09-06 00:11:55.984000','2023-09-06 00:11:55.984000',NULL,NULL),(7,'api::product.product.findOne','2023-09-06 00:11:55.984000','2023-09-06 00:11:55.984000',NULL,NULL),(8,'api::product.product.create','2023-09-06 00:11:55.984000','2023-09-06 00:11:55.984000',NULL,NULL),(9,'api::product.product.update','2023-09-06 00:11:55.984000','2023-09-06 00:11:55.984000',NULL,NULL),(10,'api::product.product.delete','2023-09-06 00:11:55.984000','2023-09-06 00:11:55.984000',NULL,NULL),(11,'api::news-feed.news-feed.find','2023-09-06 00:11:55.984000','2023-09-06 00:11:55.984000',NULL,NULL),(12,'api::news-feed.news-feed.findOne','2023-09-06 00:11:55.984000','2023-09-06 00:11:55.984000',NULL,NULL),(13,'api::news-feed.news-feed.create','2023-09-06 00:11:55.984000','2023-09-06 00:11:55.984000',NULL,NULL),(14,'api::news-feed.news-feed.update','2023-09-06 00:11:55.984000','2023-09-06 00:11:55.984000',NULL,NULL),(15,'api::news-feed.news-feed.delete','2023-09-06 00:11:55.984000','2023-09-06 00:11:55.984000',NULL,NULL),(17,'api::product.product.findOne','2023-09-24 22:01:20.906000','2023-09-24 22:01:20.906000',NULL,NULL),(18,'api::product.product.create','2023-09-24 22:01:20.906000','2023-09-24 22:01:20.906000',NULL,NULL),(20,'api::product.product.delete','2023-09-24 22:01:20.906000','2023-09-24 22:01:20.906000',NULL,NULL),(21,'api::news-feed.news-feed.find','2023-09-24 22:02:16.283000','2023-09-24 22:02:16.283000',NULL,NULL),(22,'api::news-feed.news-feed.findOne','2023-09-24 22:02:16.283000','2023-09-24 22:02:16.283000',NULL,NULL),(23,'api::product.product.find','2023-09-24 22:02:16.283000','2023-09-24 22:02:16.283000',NULL,NULL),(24,'api::product.product.findOne','2023-09-24 22:02:16.283000','2023-09-24 22:02:16.283000',NULL,NULL),(25,'api::category.category.find','2023-09-24 22:02:16.283000','2023-09-24 22:02:16.283000',NULL,NULL),(26,'api::category.category.findOne','2023-09-24 22:02:16.283000','2023-09-24 22:02:16.283000',NULL,NULL),(27,'api::category.category.update','2023-09-24 22:02:16.283000','2023-09-24 22:02:16.283000',NULL,NULL),(28,'api::category.category.create','2023-09-24 22:02:16.283000','2023-09-24 22:02:16.283000',NULL,NULL),(29,'api::category.category.delete','2023-09-24 22:02:16.283000','2023-09-24 22:02:16.283000',NULL,NULL);
/*!40000 ALTER TABLE `strapi_api_token_permissions` ENABLE KEYS */;
UNLOCK TABLES;

--
-- Table structure for table `strapi_api_token_permissions_token_links`
--

DROP TABLE IF EXISTS `strapi_api_token_permissions_token_links`;
/*!40101 SET @saved_cs_client     = @@character_set_client */;
/*!50503 SET character_set_client = utf8mb4 */;
CREATE TABLE `strapi_api_token_permissions_token_links` (
  `id` int unsigned NOT NULL AUTO_INCREMENT,
  `api_token_permission_id` int unsigned DEFAULT NULL,
  `api_token_id` int unsigned DEFAULT NULL,
  `api_token_permission_order` double unsigned DEFAULT NULL,
  PRIMARY KEY (`id`),
  UNIQUE KEY `strapi_api_token_permissions_token_links_unique` (`api_token_permission_id`,`api_token_id`),
  KEY `strapi_api_token_permissions_token_links_fk` (`api_token_permission_id`),
  KEY `strapi_api_token_permissions_token_links_inv_fk` (`api_token_id`),
  KEY `strapi_api_token_permissions_token_links_order_inv_fk` (`api_token_permission_order`),
  CONSTRAINT `strapi_api_token_permissions_token_links_fk` FOREIGN KEY (`api_token_permission_id`) REFERENCES `strapi_api_token_permissions` (`id`) ON DELETE CASCADE,
  CONSTRAINT `strapi_api_token_permissions_token_links_inv_fk` FOREIGN KEY (`api_token_id`) REFERENCES `strapi_api_tokens` (`id`) ON DELETE CASCADE
) ENGINE=InnoDB AUTO_INCREMENT=30 DEFAULT CHARSET=utf8mb4 COLLATE=utf8mb4_0900_ai_ci;
/*!40101 SET character_set_client = @saved_cs_client */;

--
-- Dumping data for table `strapi_api_token_permissions_token_links`
--

LOCK TABLES `strapi_api_token_permissions_token_links` WRITE;
/*!40000 ALTER TABLE `strapi_api_token_permissions_token_links` DISABLE KEYS */;
INSERT INTO `strapi_api_token_permissions_token_links` VALUES (1,3,2,1),(2,1,2,1),(3,2,2,1),(4,4,2,1),(5,5,2,1),(6,6,2,1),(7,7,2,1),(8,8,2,1),(9,9,2,1),(10,10,2,1),(11,11,2,2),(12,12,2,2),(13,13,2,2),(14,14,2,2),(15,15,2,2),(18,20,3,1),(19,18,3,1),(20,17,3,1),(21,21,4,1),(22,22,4,1),(23,23,4,1),(24,24,4,1),(25,25,4,1),(26,26,4,1),(27,27,4,1),(28,28,4,1),(29,29,4,1);
/*!40000 ALTER TABLE `strapi_api_token_permissions_token_links` ENABLE KEYS */;
UNLOCK TABLES;

--
-- Table structure for table `strapi_api_tokens`
--

DROP TABLE IF EXISTS `strapi_api_tokens`;
/*!40101 SET @saved_cs_client     = @@character_set_client */;
/*!50503 SET character_set_client = utf8mb4 */;
CREATE TABLE `strapi_api_tokens` (
  `id` int unsigned NOT NULL AUTO_INCREMENT,
  `name` varchar(255) DEFAULT NULL,
  `description` varchar(255) DEFAULT NULL,
  `type` varchar(255) DEFAULT NULL,
  `access_key` varchar(255) DEFAULT NULL,
  `last_used_at` datetime(6) DEFAULT NULL,
  `expires_at` datetime(6) DEFAULT NULL,
  `lifespan` bigint DEFAULT NULL,
  `created_at` datetime(6) DEFAULT NULL,
  `updated_at` datetime(6) DEFAULT NULL,
  `created_by_id` int unsigned DEFAULT NULL,
  `updated_by_id` int unsigned DEFAULT NULL,
  PRIMARY KEY (`id`),
  KEY `strapi_api_tokens_created_by_id_fk` (`created_by_id`),
  KEY `strapi_api_tokens_updated_by_id_fk` (`updated_by_id`),
  CONSTRAINT `strapi_api_tokens_created_by_id_fk` FOREIGN KEY (`created_by_id`) REFERENCES `admin_users` (`id`) ON DELETE SET NULL,
  CONSTRAINT `strapi_api_tokens_updated_by_id_fk` FOREIGN KEY (`updated_by_id`) REFERENCES `admin_users` (`id`) ON DELETE SET NULL
) ENGINE=InnoDB AUTO_INCREMENT=5 DEFAULT CHARSET=utf8mb4 COLLATE=utf8mb4_0900_ai_ci;
/*!40101 SET character_set_client = @saved_cs_client */;

--
-- Dumping data for table `strapi_api_tokens`
--

LOCK TABLES `strapi_api_tokens` WRITE;
/*!40000 ALTER TABLE `strapi_api_tokens` DISABLE KEYS */;
INSERT INTO `strapi_api_tokens` VALUES (1,'TokenA','','read-only','2e04368b90e0395e710f9291ca7dfe4bc64f36fa8fd7ca187ac263f48804088a61b30466aaf2e80cc531f5352f40e3392089df86f333e09d84d579daa9be5ea0','2023-09-06 00:01:47.675000',NULL,NULL,'2023-09-05 23:54:16.704000','2023-09-06 00:01:47.675000',NULL,NULL),(2,'TokenNewFeed','','custom','bf636458e8c0043664b09baeb710530a402f7c1f56e37c3088223a6f4a0cd0ebedf635aadeea9ad088a1923a3d63cb6aac6e2f7ab310a6bfff96732de309abf9',NULL,NULL,NULL,'2023-09-06 00:11:55.972000','2023-09-06 00:11:55.972000',NULL,NULL),(3,'product','','full-access','520a7b88d8eb786643dbdd7d40b5c3b38d19627ef51fff8f450e928f9626b5b35ff090e3fbbcc8beb195438c7a2856b4fffef950bf33b2614f228b2592fd004c','2023-09-25 23:58:37.508000',NULL,NULL,'2023-09-24 22:01:20.895000','2023-09-25 23:58:37.508000',NULL,NULL),(4,'category','','custom','1b475a656a5669b4735f1e614ea105b9f791f185304d01985e0287e4111e66e257c01cff0ba49b41587a6c29560103c934dd8ccad7fa10471ef32c0f1ea30eae','2023-09-25 23:58:37.480000',NULL,NULL,'2023-09-24 22:02:16.275000','2023-09-25 23:58:37.480000',NULL,NULL);
/*!40000 ALTER TABLE `strapi_api_tokens` ENABLE KEYS */;
UNLOCK TABLES;

--
-- Table structure for table `strapi_core_store_settings`
--

DROP TABLE IF EXISTS `strapi_core_store_settings`;
/*!40101 SET @saved_cs_client     = @@character_set_client */;
/*!50503 SET character_set_client = utf8mb4 */;
CREATE TABLE `strapi_core_store_settings` (
  `id` int unsigned NOT NULL AUTO_INCREMENT,
  `key` varchar(255) DEFAULT NULL,
  `value` longtext,
  `type` varchar(255) DEFAULT NULL,
  `environment` varchar(255) DEFAULT NULL,
  `tag` varchar(255) DEFAULT NULL,
  PRIMARY KEY (`id`)
) ENGINE=InnoDB AUTO_INCREMENT=27 DEFAULT CHARSET=utf8mb4 COLLATE=utf8mb4_0900_ai_ci;
/*!40101 SET character_set_client = @saved_cs_client */;

--
-- Dumping data for table `strapi_core_store_settings`
--

LOCK TABLES `strapi_core_store_settings` WRITE;
/*!40000 ALTER TABLE `strapi_core_store_settings` DISABLE KEYS */;
INSERT INTO `strapi_core_store_settings` VALUES (1,'strapi_content_types_schema','{\"admin::permission\":{\"collectionName\":\"admin_permissions\",\"info\":{\"name\":\"Permission\",\"description\":\"\",\"singularName\":\"permission\",\"pluralName\":\"permissions\",\"displayName\":\"Permission\"},\"options\":{},\"pluginOptions\":{\"content-manager\":{\"visible\":false},\"content-type-builder\":{\"visible\":false}},\"attributes\":{\"action\":{\"type\":\"string\",\"minLength\":1,\"configurable\":false,\"required\":true},\"subject\":{\"type\":\"string\",\"minLength\":1,\"configurable\":false,\"required\":false},\"properties\":{\"type\":\"json\",\"configurable\":false,\"required\":false,\"default\":{}},\"conditions\":{\"type\":\"json\",\"configurable\":false,\"required\":false,\"default\":[]},\"role\":{\"configurable\":false,\"type\":\"relation\",\"relation\":\"manyToOne\",\"inversedBy\":\"permissions\",\"target\":\"admin::role\"},\"createdAt\":{\"type\":\"datetime\"},\"updatedAt\":{\"type\":\"datetime\"},\"createdBy\":{\"type\":\"relation\",\"relation\":\"oneToOne\",\"target\":\"admin::user\",\"configurable\":false,\"writable\":false,\"visible\":false,\"useJoinTable\":false,\"private\":true},\"updatedBy\":{\"type\":\"relation\",\"relation\":\"oneToOne\",\"target\":\"admin::user\",\"configurable\":false,\"writable\":false,\"visible\":false,\"useJoinTable\":false,\"private\":true}},\"kind\":\"collectionType\",\"__schema__\":{\"collectionName\":\"admin_permissions\",\"info\":{\"name\":\"Permission\",\"description\":\"\",\"singularName\":\"permission\",\"pluralName\":\"permissions\",\"displayName\":\"Permission\"},\"options\":{},\"pluginOptions\":{\"content-manager\":{\"visible\":false},\"content-type-builder\":{\"visible\":false}},\"attributes\":{\"action\":{\"type\":\"string\",\"minLength\":1,\"configurable\":false,\"required\":true},\"subject\":{\"type\":\"string\",\"minLength\":1,\"configurable\":false,\"required\":false},\"properties\":{\"type\":\"json\",\"configurable\":false,\"required\":false,\"default\":{}},\"conditions\":{\"type\":\"json\",\"configurable\":false,\"required\":false,\"default\":[]},\"role\":{\"configurable\":false,\"type\":\"relation\",\"relation\":\"manyToOne\",\"inversedBy\":\"permissions\",\"target\":\"admin::role\"}},\"kind\":\"collectionType\"},\"modelType\":\"contentType\",\"modelName\":\"permission\",\"connection\":\"default\",\"uid\":\"admin::permission\",\"plugin\":\"admin\",\"globalId\":\"AdminPermission\"},\"admin::user\":{\"collectionName\":\"admin_users\",\"info\":{\"name\":\"User\",\"description\":\"\",\"singularName\":\"user\",\"pluralName\":\"users\",\"displayName\":\"User\"},\"pluginOptions\":{\"content-manager\":{\"visible\":false},\"content-type-builder\":{\"visible\":false}},\"attributes\":{\"firstname\":{\"type\":\"string\",\"unique\":false,\"minLength\":1,\"configurable\":false,\"required\":false},\"lastname\":{\"type\":\"string\",\"unique\":false,\"minLength\":1,\"configurable\":false,\"required\":false},\"username\":{\"type\":\"string\",\"unique\":false,\"configurable\":false,\"required\":false},\"email\":{\"type\":\"email\",\"minLength\":6,\"configurable\":false,\"required\":true,\"unique\":true,\"private\":true},\"password\":{\"type\":\"password\",\"minLength\":6,\"configurable\":false,\"required\":false,\"private\":true,\"searchable\":false},\"resetPasswordToken\":{\"type\":\"string\",\"configurable\":false,\"private\":true,\"searchable\":false},\"registrationToken\":{\"type\":\"string\",\"configurable\":false,\"private\":true,\"searchable\":false},\"isActive\":{\"type\":\"boolean\",\"default\":false,\"configurable\":false,\"private\":true},\"roles\":{\"configurable\":false,\"private\":true,\"type\":\"relation\",\"relation\":\"manyToMany\",\"inversedBy\":\"users\",\"target\":\"admin::role\",\"collectionName\":\"strapi_users_roles\"},\"blocked\":{\"type\":\"boolean\",\"default\":false,\"configurable\":false,\"private\":true},\"preferedLanguage\":{\"type\":\"string\",\"configurable\":false,\"required\":false,\"searchable\":false},\"createdAt\":{\"type\":\"datetime\"},\"updatedAt\":{\"type\":\"datetime\"},\"createdBy\":{\"type\":\"relation\",\"relation\":\"oneToOne\",\"target\":\"admin::user\",\"configurable\":false,\"writable\":false,\"visible\":false,\"useJoinTable\":false,\"private\":true},\"updatedBy\":{\"type\":\"relation\",\"relation\":\"oneToOne\",\"target\":\"admin::user\",\"configurable\":false,\"writable\":false,\"visible\":false,\"useJoinTable\":false,\"private\":true}},\"kind\":\"collectionType\",\"__schema__\":{\"collectionName\":\"admin_users\",\"info\":{\"name\":\"User\",\"description\":\"\",\"singularName\":\"user\",\"pluralName\":\"users\",\"displayName\":\"User\"},\"pluginOptions\":{\"content-manager\":{\"visible\":false},\"content-type-builder\":{\"visible\":false}},\"attributes\":{\"firstname\":{\"type\":\"string\",\"unique\":false,\"minLength\":1,\"configurable\":false,\"required\":false},\"lastname\":{\"type\":\"string\",\"unique\":false,\"minLength\":1,\"configurable\":false,\"required\":false},\"username\":{\"type\":\"string\",\"unique\":false,\"configurable\":false,\"required\":false},\"email\":{\"type\":\"email\",\"minLength\":6,\"configurable\":false,\"required\":true,\"unique\":true,\"private\":true},\"password\":{\"type\":\"password\",\"minLength\":6,\"configurable\":false,\"required\":false,\"private\":true,\"searchable\":false},\"resetPasswordToken\":{\"type\":\"string\",\"configurable\":false,\"private\":true,\"searchable\":false},\"registrationToken\":{\"type\":\"string\",\"configurable\":false,\"private\":true,\"searchable\":false},\"isActive\":{\"type\":\"boolean\",\"default\":false,\"configurable\":false,\"private\":true},\"roles\":{\"configurable\":false,\"private\":true,\"type\":\"relation\",\"relation\":\"manyToMany\",\"inversedBy\":\"users\",\"target\":\"admin::role\",\"collectionName\":\"strapi_users_roles\"},\"blocked\":{\"type\":\"boolean\",\"default\":false,\"configurable\":false,\"private\":true},\"preferedLanguage\":{\"type\":\"string\",\"configurable\":false,\"required\":false,\"searchable\":false}},\"kind\":\"collectionType\"},\"modelType\":\"contentType\",\"modelName\":\"user\",\"connection\":\"default\",\"uid\":\"admin::user\",\"plugin\":\"admin\",\"globalId\":\"AdminUser\"},\"admin::role\":{\"collectionName\":\"admin_roles\",\"info\":{\"name\":\"Role\",\"description\":\"\",\"singularName\":\"role\",\"pluralName\":\"roles\",\"displayName\":\"Role\"},\"options\":{},\"pluginOptions\":{\"content-manager\":{\"visible\":false},\"content-type-builder\":{\"visible\":false}},\"attributes\":{\"name\":{\"type\":\"string\",\"minLength\":1,\"unique\":true,\"configurable\":false,\"required\":true},\"code\":{\"type\":\"string\",\"minLength\":1,\"unique\":true,\"configurable\":false,\"required\":true},\"description\":{\"type\":\"string\",\"configurable\":false},\"users\":{\"configurable\":false,\"type\":\"relation\",\"relation\":\"manyToMany\",\"mappedBy\":\"roles\",\"target\":\"admin::user\"},\"permissions\":{\"configurable\":false,\"type\":\"relation\",\"relation\":\"oneToMany\",\"mappedBy\":\"role\",\"target\":\"admin::permission\"},\"createdAt\":{\"type\":\"datetime\"},\"updatedAt\":{\"type\":\"datetime\"},\"createdBy\":{\"type\":\"relation\",\"relation\":\"oneToOne\",\"target\":\"admin::user\",\"configurable\":false,\"writable\":false,\"visible\":false,\"useJoinTable\":false,\"private\":true},\"updatedBy\":{\"type\":\"relation\",\"relation\":\"oneToOne\",\"target\":\"admin::user\",\"configurable\":false,\"writable\":false,\"visible\":false,\"useJoinTable\":false,\"private\":true}},\"kind\":\"collectionType\",\"__schema__\":{\"collectionName\":\"admin_roles\",\"info\":{\"name\":\"Role\",\"description\":\"\",\"singularName\":\"role\",\"pluralName\":\"roles\",\"displayName\":\"Role\"},\"options\":{},\"pluginOptions\":{\"content-manager\":{\"visible\":false},\"content-type-builder\":{\"visible\":false}},\"attributes\":{\"name\":{\"type\":\"string\",\"minLength\":1,\"unique\":true,\"configurable\":false,\"required\":true},\"code\":{\"type\":\"string\",\"minLength\":1,\"unique\":true,\"configurable\":false,\"required\":true},\"description\":{\"type\":\"string\",\"configurable\":false},\"users\":{\"configurable\":false,\"type\":\"relation\",\"relation\":\"manyToMany\",\"mappedBy\":\"roles\",\"target\":\"admin::user\"},\"permissions\":{\"configurable\":false,\"type\":\"relation\",\"relation\":\"oneToMany\",\"mappedBy\":\"role\",\"target\":\"admin::permission\"}},\"kind\":\"collectionType\"},\"modelType\":\"contentType\",\"modelName\":\"role\",\"connection\":\"default\",\"uid\":\"admin::role\",\"plugin\":\"admin\",\"globalId\":\"AdminRole\"},\"admin::api-token\":{\"collectionName\":\"strapi_api_tokens\",\"info\":{\"name\":\"Api Token\",\"singularName\":\"api-token\",\"pluralName\":\"api-tokens\",\"displayName\":\"Api Token\",\"description\":\"\"},\"options\":{},\"pluginOptions\":{\"content-manager\":{\"visible\":false},\"content-type-builder\":{\"visible\":false}},\"attributes\":{\"name\":{\"type\":\"string\",\"minLength\":1,\"configurable\":false,\"required\":true,\"unique\":true},\"description\":{\"type\":\"string\",\"minLength\":1,\"configurable\":false,\"required\":false,\"default\":\"\"},\"type\":{\"type\":\"enumeration\",\"enum\":[\"read-only\",\"full-access\",\"custom\"],\"configurable\":false,\"required\":true,\"default\":\"read-only\"},\"accessKey\":{\"type\":\"string\",\"minLength\":1,\"configurable\":false,\"required\":true,\"searchable\":false},\"lastUsedAt\":{\"type\":\"datetime\",\"configurable\":false,\"required\":false},\"permissions\":{\"type\":\"relation\",\"target\":\"admin::api-token-permission\",\"relation\":\"oneToMany\",\"mappedBy\":\"token\",\"configurable\":false,\"required\":false},\"expiresAt\":{\"type\":\"datetime\",\"configurable\":false,\"required\":false},\"lifespan\":{\"type\":\"biginteger\",\"configurable\":false,\"required\":false},\"createdAt\":{\"type\":\"datetime\"},\"updatedAt\":{\"type\":\"datetime\"},\"createdBy\":{\"type\":\"relation\",\"relation\":\"oneToOne\",\"target\":\"admin::user\",\"configurable\":false,\"writable\":false,\"visible\":false,\"useJoinTable\":false,\"private\":true},\"updatedBy\":{\"type\":\"relation\",\"relation\":\"oneToOne\",\"target\":\"admin::user\",\"configurable\":false,\"writable\":false,\"visible\":false,\"useJoinTable\":false,\"private\":true}},\"kind\":\"collectionType\",\"__schema__\":{\"collectionName\":\"strapi_api_tokens\",\"info\":{\"name\":\"Api Token\",\"singularName\":\"api-token\",\"pluralName\":\"api-tokens\",\"displayName\":\"Api Token\",\"description\":\"\"},\"options\":{},\"pluginOptions\":{\"content-manager\":{\"visible\":false},\"content-type-builder\":{\"visible\":false}},\"attributes\":{\"name\":{\"type\":\"string\",\"minLength\":1,\"configurable\":false,\"required\":true,\"unique\":true},\"description\":{\"type\":\"string\",\"minLength\":1,\"configurable\":false,\"required\":false,\"default\":\"\"},\"type\":{\"type\":\"enumeration\",\"enum\":[\"read-only\",\"full-access\",\"custom\"],\"configurable\":false,\"required\":true,\"default\":\"read-only\"},\"accessKey\":{\"type\":\"string\",\"minLength\":1,\"configurable\":false,\"required\":true,\"searchable\":false},\"lastUsedAt\":{\"type\":\"datetime\",\"configurable\":false,\"required\":false},\"permissions\":{\"type\":\"relation\",\"target\":\"admin::api-token-permission\",\"relation\":\"oneToMany\",\"mappedBy\":\"token\",\"configurable\":false,\"required\":false},\"expiresAt\":{\"type\":\"datetime\",\"configurable\":false,\"required\":false},\"lifespan\":{\"type\":\"biginteger\",\"configurable\":false,\"required\":false}},\"kind\":\"collectionType\"},\"modelType\":\"contentType\",\"modelName\":\"api-token\",\"connection\":\"default\",\"uid\":\"admin::api-token\",\"plugin\":\"admin\",\"globalId\":\"AdminApiToken\"},\"admin::api-token-permission\":{\"collectionName\":\"strapi_api_token_permissions\",\"info\":{\"name\":\"API Token Permission\",\"description\":\"\",\"singularName\":\"api-token-permission\",\"pluralName\":\"api-token-permissions\",\"displayName\":\"API Token Permission\"},\"options\":{},\"pluginOptions\":{\"content-manager\":{\"visible\":false},\"content-type-builder\":{\"visible\":false}},\"attributes\":{\"action\":{\"type\":\"string\",\"minLength\":1,\"configurable\":false,\"required\":true},\"token\":{\"configurable\":false,\"type\":\"relation\",\"relation\":\"manyToOne\",\"inversedBy\":\"permissions\",\"target\":\"admin::api-token\"},\"createdAt\":{\"type\":\"datetime\"},\"updatedAt\":{\"type\":\"datetime\"},\"createdBy\":{\"type\":\"relation\",\"relation\":\"oneToOne\",\"target\":\"admin::user\",\"configurable\":false,\"writable\":false,\"visible\":false,\"useJoinTable\":false,\"private\":true},\"updatedBy\":{\"type\":\"relation\",\"relation\":\"oneToOne\",\"target\":\"admin::user\",\"configurable\":false,\"writable\":false,\"visible\":false,\"useJoinTable\":false,\"private\":true}},\"kind\":\"collectionType\",\"__schema__\":{\"collectionName\":\"strapi_api_token_permissions\",\"info\":{\"name\":\"API Token Permission\",\"description\":\"\",\"singularName\":\"api-token-permission\",\"pluralName\":\"api-token-permissions\",\"displayName\":\"API Token Permission\"},\"options\":{},\"pluginOptions\":{\"content-manager\":{\"visible\":false},\"content-type-builder\":{\"visible\":false}},\"attributes\":{\"action\":{\"type\":\"string\",\"minLength\":1,\"configurable\":false,\"required\":true},\"token\":{\"configurable\":false,\"type\":\"relation\",\"relation\":\"manyToOne\",\"inversedBy\":\"permissions\",\"target\":\"admin::api-token\"}},\"kind\":\"collectionType\"},\"modelType\":\"contentType\",\"modelName\":\"api-token-permission\",\"connection\":\"default\",\"uid\":\"admin::api-token-permission\",\"plugin\":\"admin\",\"globalId\":\"AdminApiTokenPermission\"},\"admin::transfer-token\":{\"collectionName\":\"strapi_transfer_tokens\",\"info\":{\"name\":\"Transfer Token\",\"singularName\":\"transfer-token\",\"pluralName\":\"transfer-tokens\",\"displayName\":\"Transfer Token\",\"description\":\"\"},\"options\":{},\"pluginOptions\":{\"content-manager\":{\"visible\":false},\"content-type-builder\":{\"visible\":false}},\"attributes\":{\"name\":{\"type\":\"string\",\"minLength\":1,\"configurable\":false,\"required\":true,\"unique\":true},\"description\":{\"type\":\"string\",\"minLength\":1,\"configurable\":false,\"required\":false,\"default\":\"\"},\"accessKey\":{\"type\":\"string\",\"minLength\":1,\"configurable\":false,\"required\":true},\"lastUsedAt\":{\"type\":\"datetime\",\"configurable\":false,\"required\":false},\"permissions\":{\"type\":\"relation\",\"target\":\"admin::transfer-token-permission\",\"relation\":\"oneToMany\",\"mappedBy\":\"token\",\"configurable\":false,\"required\":false},\"expiresAt\":{\"type\":\"datetime\",\"configurable\":false,\"required\":false},\"lifespan\":{\"type\":\"biginteger\",\"configurable\":false,\"required\":false},\"createdAt\":{\"type\":\"datetime\"},\"updatedAt\":{\"type\":\"datetime\"},\"createdBy\":{\"type\":\"relation\",\"relation\":\"oneToOne\",\"target\":\"admin::user\",\"configurable\":false,\"writable\":false,\"visible\":false,\"useJoinTable\":false,\"private\":true},\"updatedBy\":{\"type\":\"relation\",\"relation\":\"oneToOne\",\"target\":\"admin::user\",\"configurable\":false,\"writable\":false,\"visible\":false,\"useJoinTable\":false,\"private\":true}},\"kind\":\"collectionType\",\"__schema__\":{\"collectionName\":\"strapi_transfer_tokens\",\"info\":{\"name\":\"Transfer Token\",\"singularName\":\"transfer-token\",\"pluralName\":\"transfer-tokens\",\"displayName\":\"Transfer Token\",\"description\":\"\"},\"options\":{},\"pluginOptions\":{\"content-manager\":{\"visible\":false},\"content-type-builder\":{\"visible\":false}},\"attributes\":{\"name\":{\"type\":\"string\",\"minLength\":1,\"configurable\":false,\"required\":true,\"unique\":true},\"description\":{\"type\":\"string\",\"minLength\":1,\"configurable\":false,\"required\":false,\"default\":\"\"},\"accessKey\":{\"type\":\"string\",\"minLength\":1,\"configurable\":false,\"required\":true},\"lastUsedAt\":{\"type\":\"datetime\",\"configurable\":false,\"required\":false},\"permissions\":{\"type\":\"relation\",\"target\":\"admin::transfer-token-permission\",\"relation\":\"oneToMany\",\"mappedBy\":\"token\",\"configurable\":false,\"required\":false},\"expiresAt\":{\"type\":\"datetime\",\"configurable\":false,\"required\":false},\"lifespan\":{\"type\":\"biginteger\",\"configurable\":false,\"required\":false}},\"kind\":\"collectionType\"},\"modelType\":\"contentType\",\"modelName\":\"transfer-token\",\"connection\":\"default\",\"uid\":\"admin::transfer-token\",\"plugin\":\"admin\",\"globalId\":\"AdminTransferToken\"},\"admin::transfer-token-permission\":{\"collectionName\":\"strapi_transfer_token_permissions\",\"info\":{\"name\":\"Transfer Token Permission\",\"description\":\"\",\"singularName\":\"transfer-token-permission\",\"pluralName\":\"transfer-token-permissions\",\"displayName\":\"Transfer Token Permission\"},\"options\":{},\"pluginOptions\":{\"content-manager\":{\"visible\":false},\"content-type-builder\":{\"visible\":false}},\"attributes\":{\"action\":{\"type\":\"string\",\"minLength\":1,\"configurable\":false,\"required\":true},\"token\":{\"configurable\":false,\"type\":\"relation\",\"relation\":\"manyToOne\",\"inversedBy\":\"permissions\",\"target\":\"admin::transfer-token\"},\"createdAt\":{\"type\":\"datetime\"},\"updatedAt\":{\"type\":\"datetime\"},\"createdBy\":{\"type\":\"relation\",\"relation\":\"oneToOne\",\"target\":\"admin::user\",\"configurable\":false,\"writable\":false,\"visible\":false,\"useJoinTable\":false,\"private\":true},\"updatedBy\":{\"type\":\"relation\",\"relation\":\"oneToOne\",\"target\":\"admin::user\",\"configurable\":false,\"writable\":false,\"visible\":false,\"useJoinTable\":false,\"private\":true}},\"kind\":\"collectionType\",\"__schema__\":{\"collectionName\":\"strapi_transfer_token_permissions\",\"info\":{\"name\":\"Transfer Token Permission\",\"description\":\"\",\"singularName\":\"transfer-token-permission\",\"pluralName\":\"transfer-token-permissions\",\"displayName\":\"Transfer Token Permission\"},\"options\":{},\"pluginOptions\":{\"content-manager\":{\"visible\":false},\"content-type-builder\":{\"visible\":false}},\"attributes\":{\"action\":{\"type\":\"string\",\"minLength\":1,\"configurable\":false,\"required\":true},\"token\":{\"configurable\":false,\"type\":\"relation\",\"relation\":\"manyToOne\",\"inversedBy\":\"permissions\",\"target\":\"admin::transfer-token\"}},\"kind\":\"collectionType\"},\"modelType\":\"contentType\",\"modelName\":\"transfer-token-permission\",\"connection\":\"default\",\"uid\":\"admin::transfer-token-permission\",\"plugin\":\"admin\",\"globalId\":\"AdminTransferTokenPermission\"},\"api::category.category\":{\"kind\":\"collectionType\",\"collectionName\":\"categories\",\"info\":{\"singularName\":\"category\",\"pluralName\":\"categories\",\"displayName\":\"Category\",\"description\":\"\"},\"options\":{\"draftAndPublish\":false},\"pluginOptions\":{},\"attributes\":{\"categoryName\":{\"type\":\"string\",\"unique\":true},\"description\":{\"type\":\"string\"},\"createdAt\":{\"type\":\"datetime\"},\"updatedAt\":{\"type\":\"datetime\"},\"createdBy\":{\"type\":\"relation\",\"relation\":\"oneToOne\",\"target\":\"admin::user\",\"configurable\":false,\"writable\":false,\"visible\":false,\"useJoinTable\":false,\"private\":true},\"updatedBy\":{\"type\":\"relation\",\"relation\":\"oneToOne\",\"target\":\"admin::user\",\"configurable\":false,\"writable\":false,\"visible\":false,\"useJoinTable\":false,\"private\":true}},\"__schema__\":{\"collectionName\":\"categories\",\"info\":{\"singularName\":\"category\",\"pluralName\":\"categories\",\"displayName\":\"Category\",\"description\":\"\"},\"options\":{\"draftAndPublish\":false},\"pluginOptions\":{},\"attributes\":{\"categoryName\":{\"type\":\"string\",\"unique\":true},\"description\":{\"type\":\"string\"}},\"kind\":\"collectionType\"},\"modelType\":\"contentType\",\"modelName\":\"category\",\"connection\":\"default\",\"uid\":\"api::category.category\",\"apiName\":\"category\",\"globalId\":\"Category\",\"actions\":{},\"lifecycles\":{}},\"api::news-feed.news-feed\":{\"kind\":\"collectionType\",\"collectionName\":\"news_feeds\",\"info\":{\"singularName\":\"news-feed\",\"pluralName\":\"news-feeds\",\"displayName\":\"NewsFeed\"},\"options\":{\"draftAndPublish\":true},\"pluginOptions\":{},\"attributes\":{\"newsname\":{\"type\":\"string\",\"unique\":true},\"details\":{\"type\":\"text\"},\"createdAt\":{\"type\":\"datetime\"},\"updatedAt\":{\"type\":\"datetime\"},\"publishedAt\":{\"type\":\"datetime\",\"configurable\":false,\"writable\":true,\"visible\":false},\"createdBy\":{\"type\":\"relation\",\"relation\":\"oneToOne\",\"target\":\"admin::user\",\"configurable\":false,\"writable\":false,\"visible\":false,\"useJoinTable\":false,\"private\":true},\"updatedBy\":{\"type\":\"relation\",\"relation\":\"oneToOne\",\"target\":\"admin::user\",\"configurable\":false,\"writable\":false,\"visible\":false,\"useJoinTable\":false,\"private\":true}},\"__schema__\":{\"collectionName\":\"news_feeds\",\"info\":{\"singularName\":\"news-feed\",\"pluralName\":\"news-feeds\",\"displayName\":\"NewsFeed\"},\"options\":{\"draftAndPublish\":true},\"pluginOptions\":{},\"attributes\":{\"newsname\":{\"type\":\"string\",\"unique\":true},\"details\":{\"type\":\"text\"}},\"kind\":\"collectionType\"},\"modelType\":\"contentType\",\"modelName\":\"news-feed\",\"connection\":\"default\",\"uid\":\"api::news-feed.news-feed\",\"apiName\":\"news-feed\",\"globalId\":\"NewsFeed\",\"actions\":{},\"lifecycles\":{}},\"api::product.product\":{\"kind\":\"collectionType\",\"collectionName\":\"products\",\"info\":{\"singularName\":\"product\",\"pluralName\":\"products\",\"displayName\":\"Product\"},\"options\":{\"draftAndPublish\":true},\"pluginOptions\":{},\"attributes\":{\"productName\":{\"type\":\"string\",\"unique\":true},\"description\":{\"type\":\"string\"},\"detail\":{\"type\":\"text\"},\"price\":{\"type\":\"biginteger\",\"min\":\"20000\",\"max\":\"100000\"},\"image\":{\"allowedTypes\":[\"images\",\"files\",\"videos\",\"audios\"],\"type\":\"media\",\"multiple\":true},\"category\":{\"type\":\"relation\",\"relation\":\"oneToOne\",\"target\":\"api::category.category\"},\"createdAt\":{\"type\":\"datetime\"},\"updatedAt\":{\"type\":\"datetime\"},\"publishedAt\":{\"type\":\"datetime\",\"configurable\":false,\"writable\":true,\"visible\":false},\"createdBy\":{\"type\":\"relation\",\"relation\":\"oneToOne\",\"target\":\"admin::user\",\"configurable\":false,\"writable\":false,\"visible\":false,\"useJoinTable\":false,\"private\":true},\"updatedBy\":{\"type\":\"relation\",\"relation\":\"oneToOne\",\"target\":\"admin::user\",\"configurable\":false,\"writable\":false,\"visible\":false,\"useJoinTable\":false,\"private\":true}},\"__schema__\":{\"collectionName\":\"products\",\"info\":{\"singularName\":\"product\",\"pluralName\":\"products\",\"displayName\":\"Product\"},\"options\":{\"draftAndPublish\":true},\"pluginOptions\":{},\"attributes\":{\"productName\":{\"type\":\"string\",\"unique\":true},\"description\":{\"type\":\"string\"},\"detail\":{\"type\":\"text\"},\"price\":{\"type\":\"biginteger\",\"min\":\"20000\",\"max\":\"100000\"},\"image\":{\"allowedTypes\":[\"images\",\"files\",\"videos\",\"audios\"],\"type\":\"media\",\"multiple\":true},\"category\":{\"type\":\"relation\",\"relation\":\"oneToOne\",\"target\":\"api::category.category\"}},\"kind\":\"collectionType\"},\"modelType\":\"contentType\",\"modelName\":\"product\",\"connection\":\"default\",\"uid\":\"api::product.product\",\"apiName\":\"product\",\"globalId\":\"Product\",\"actions\":{},\"lifecycles\":{}},\"plugin::upload.file\":{\"collectionName\":\"files\",\"info\":{\"singularName\":\"file\",\"pluralName\":\"files\",\"displayName\":\"File\",\"description\":\"\"},\"options\":{},\"pluginOptions\":{\"content-manager\":{\"visible\":false},\"content-type-builder\":{\"visible\":false}},\"attributes\":{\"name\":{\"type\":\"string\",\"configurable\":false,\"required\":true},\"alternativeText\":{\"type\":\"string\",\"configurable\":false},\"caption\":{\"type\":\"string\",\"configurable\":false},\"width\":{\"type\":\"integer\",\"configurable\":false},\"height\":{\"type\":\"integer\",\"configurable\":false},\"formats\":{\"type\":\"json\",\"configurable\":false},\"hash\":{\"type\":\"string\",\"configurable\":false,\"required\":true},\"ext\":{\"type\":\"string\",\"configurable\":false},\"mime\":{\"type\":\"string\",\"configurable\":false,\"required\":true},\"size\":{\"type\":\"decimal\",\"configurable\":false,\"required\":true},\"url\":{\"type\":\"string\",\"configurable\":false,\"required\":true},\"previewUrl\":{\"type\":\"string\",\"configurable\":false},\"provider\":{\"type\":\"string\",\"configurable\":false,\"required\":true},\"provider_metadata\":{\"type\":\"json\",\"configurable\":false},\"related\":{\"type\":\"relation\",\"relation\":\"morphToMany\",\"configurable\":false},\"folder\":{\"type\":\"relation\",\"relation\":\"manyToOne\",\"target\":\"plugin::upload.folder\",\"inversedBy\":\"files\",\"private\":true},\"folderPath\":{\"type\":\"string\",\"min\":1,\"required\":true,\"private\":true,\"searchable\":false},\"createdAt\":{\"type\":\"datetime\"},\"updatedAt\":{\"type\":\"datetime\"},\"createdBy\":{\"type\":\"relation\",\"relation\":\"oneToOne\",\"target\":\"admin::user\",\"configurable\":false,\"writable\":false,\"visible\":false,\"useJoinTable\":false,\"private\":true},\"updatedBy\":{\"type\":\"relation\",\"relation\":\"oneToOne\",\"target\":\"admin::user\",\"configurable\":false,\"writable\":false,\"visible\":false,\"useJoinTable\":false,\"private\":true}},\"indexes\":[{\"name\":\"upload_files_folder_path_index\",\"columns\":[\"folder_path\"],\"type\":null},{\"name\":\"upload_files_created_at_index\",\"columns\":[\"created_at\"],\"type\":null},{\"name\":\"upload_files_updated_at_index\",\"columns\":[\"updated_at\"],\"type\":null},{\"name\":\"upload_files_name_index\",\"columns\":[\"name\"],\"type\":null},{\"name\":\"upload_files_size_index\",\"columns\":[\"size\"],\"type\":null},{\"name\":\"upload_files_ext_index\",\"columns\":[\"ext\"],\"type\":null}],\"kind\":\"collectionType\",\"__schema__\":{\"collectionName\":\"files\",\"info\":{\"singularName\":\"file\",\"pluralName\":\"files\",\"displayName\":\"File\",\"description\":\"\"},\"options\":{},\"pluginOptions\":{\"content-manager\":{\"visible\":false},\"content-type-builder\":{\"visible\":false}},\"attributes\":{\"name\":{\"type\":\"string\",\"configurable\":false,\"required\":true},\"alternativeText\":{\"type\":\"string\",\"configurable\":false},\"caption\":{\"type\":\"string\",\"configurable\":false},\"width\":{\"type\":\"integer\",\"configurable\":false},\"height\":{\"type\":\"integer\",\"configurable\":false},\"formats\":{\"type\":\"json\",\"configurable\":false},\"hash\":{\"type\":\"string\",\"configurable\":false,\"required\":true},\"ext\":{\"type\":\"string\",\"configurable\":false},\"mime\":{\"type\":\"string\",\"configurable\":false,\"required\":true},\"size\":{\"type\":\"decimal\",\"configurable\":false,\"required\":true},\"url\":{\"type\":\"string\",\"configurable\":false,\"required\":true},\"previewUrl\":{\"type\":\"string\",\"configurable\":false},\"provider\":{\"type\":\"string\",\"configurable\":false,\"required\":true},\"provider_metadata\":{\"type\":\"json\",\"configurable\":false},\"related\":{\"type\":\"relation\",\"relation\":\"morphToMany\",\"configurable\":false},\"folder\":{\"type\":\"relation\",\"relation\":\"manyToOne\",\"target\":\"plugin::upload.folder\",\"inversedBy\":\"files\",\"private\":true},\"folderPath\":{\"type\":\"string\",\"min\":1,\"required\":true,\"private\":true,\"searchable\":false}},\"kind\":\"collectionType\"},\"modelType\":\"contentType\",\"modelName\":\"file\",\"connection\":\"default\",\"uid\":\"plugin::upload.file\",\"plugin\":\"upload\",\"globalId\":\"UploadFile\"},\"plugin::upload.folder\":{\"collectionName\":\"upload_folders\",\"info\":{\"singularName\":\"folder\",\"pluralName\":\"folders\",\"displayName\":\"Folder\"},\"options\":{},\"pluginOptions\":{\"content-manager\":{\"visible\":false},\"content-type-builder\":{\"visible\":false}},\"attributes\":{\"name\":{\"type\":\"string\",\"min\":1,\"required\":true},\"pathId\":{\"type\":\"integer\",\"unique\":true,\"required\":true},\"parent\":{\"type\":\"relation\",\"relation\":\"manyToOne\",\"target\":\"plugin::upload.folder\",\"inversedBy\":\"children\"},\"children\":{\"type\":\"relation\",\"relation\":\"oneToMany\",\"target\":\"plugin::upload.folder\",\"mappedBy\":\"parent\"},\"files\":{\"type\":\"relation\",\"relation\":\"oneToMany\",\"target\":\"plugin::upload.file\",\"mappedBy\":\"folder\"},\"path\":{\"type\":\"string\",\"min\":1,\"required\":true},\"createdAt\":{\"type\":\"datetime\"},\"updatedAt\":{\"type\":\"datetime\"},\"createdBy\":{\"type\":\"relation\",\"relation\":\"oneToOne\",\"target\":\"admin::user\",\"configurable\":false,\"writable\":false,\"visible\":false,\"useJoinTable\":false,\"private\":true},\"updatedBy\":{\"type\":\"relation\",\"relation\":\"oneToOne\",\"target\":\"admin::user\",\"configurable\":false,\"writable\":false,\"visible\":false,\"useJoinTable\":false,\"private\":true}},\"indexes\":[{\"name\":\"upload_folders_path_id_index\",\"columns\":[\"path_id\"],\"type\":\"unique\"},{\"name\":\"upload_folders_path_index\",\"columns\":[\"path\"],\"type\":\"unique\"}],\"kind\":\"collectionType\",\"__schema__\":{\"collectionName\":\"upload_folders\",\"info\":{\"singularName\":\"folder\",\"pluralName\":\"folders\",\"displayName\":\"Folder\"},\"options\":{},\"pluginOptions\":{\"content-manager\":{\"visible\":false},\"content-type-builder\":{\"visible\":false}},\"attributes\":{\"name\":{\"type\":\"string\",\"min\":1,\"required\":true},\"pathId\":{\"type\":\"integer\",\"unique\":true,\"required\":true},\"parent\":{\"type\":\"relation\",\"relation\":\"manyToOne\",\"target\":\"plugin::upload.folder\",\"inversedBy\":\"children\"},\"children\":{\"type\":\"relation\",\"relation\":\"oneToMany\",\"target\":\"plugin::upload.folder\",\"mappedBy\":\"parent\"},\"files\":{\"type\":\"relation\",\"relation\":\"oneToMany\",\"target\":\"plugin::upload.file\",\"mappedBy\":\"folder\"},\"path\":{\"type\":\"string\",\"min\":1,\"required\":true}},\"kind\":\"collectionType\"},\"modelType\":\"contentType\",\"modelName\":\"folder\",\"connection\":\"default\",\"uid\":\"plugin::upload.folder\",\"plugin\":\"upload\",\"globalId\":\"UploadFolder\"},\"plugin::i18n.locale\":{\"info\":{\"singularName\":\"locale\",\"pluralName\":\"locales\",\"collectionName\":\"locales\",\"displayName\":\"Locale\",\"description\":\"\"},\"options\":{\"draftAndPublish\":false},\"pluginOptions\":{\"content-manager\":{\"visible\":false},\"content-type-builder\":{\"visible\":false}},\"attributes\":{\"name\":{\"type\":\"string\",\"min\":1,\"max\":50,\"configurable\":false},\"code\":{\"type\":\"string\",\"unique\":true,\"configurable\":false},\"createdAt\":{\"type\":\"datetime\"},\"updatedAt\":{\"type\":\"datetime\"},\"createdBy\":{\"type\":\"relation\",\"relation\":\"oneToOne\",\"target\":\"admin::user\",\"configurable\":false,\"writable\":false,\"visible\":false,\"useJoinTable\":false,\"private\":true},\"updatedBy\":{\"type\":\"relation\",\"relation\":\"oneToOne\",\"target\":\"admin::user\",\"configurable\":false,\"writable\":false,\"visible\":false,\"useJoinTable\":false,\"private\":true}},\"kind\":\"collectionType\",\"__schema__\":{\"info\":{\"singularName\":\"locale\",\"pluralName\":\"locales\",\"collectionName\":\"locales\",\"displayName\":\"Locale\",\"description\":\"\"},\"options\":{\"draftAndPublish\":false},\"pluginOptions\":{\"content-manager\":{\"visible\":false},\"content-type-builder\":{\"visible\":false}},\"attributes\":{\"name\":{\"type\":\"string\",\"min\":1,\"max\":50,\"configurable\":false},\"code\":{\"type\":\"string\",\"unique\":true,\"configurable\":false}},\"kind\":\"collectionType\"},\"modelType\":\"contentType\",\"modelName\":\"locale\",\"connection\":\"default\",\"uid\":\"plugin::i18n.locale\",\"plugin\":\"i18n\",\"collectionName\":\"i18n_locale\",\"globalId\":\"I18NLocale\"},\"plugin::users-permissions.permission\":{\"collectionName\":\"up_permissions\",\"info\":{\"name\":\"permission\",\"description\":\"\",\"singularName\":\"permission\",\"pluralName\":\"permissions\",\"displayName\":\"Permission\"},\"pluginOptions\":{\"content-manager\":{\"visible\":false},\"content-type-builder\":{\"visible\":false}},\"attributes\":{\"action\":{\"type\":\"string\",\"required\":true,\"configurable\":false},\"role\":{\"type\":\"relation\",\"relation\":\"manyToOne\",\"target\":\"plugin::users-permissions.role\",\"inversedBy\":\"permissions\",\"configurable\":false},\"createdAt\":{\"type\":\"datetime\"},\"updatedAt\":{\"type\":\"datetime\"},\"createdBy\":{\"type\":\"relation\",\"relation\":\"oneToOne\",\"target\":\"admin::user\",\"configurable\":false,\"writable\":false,\"visible\":false,\"useJoinTable\":false,\"private\":true},\"updatedBy\":{\"type\":\"relation\",\"relation\":\"oneToOne\",\"target\":\"admin::user\",\"configurable\":false,\"writable\":false,\"visible\":false,\"useJoinTable\":false,\"private\":true}},\"kind\":\"collectionType\",\"__schema__\":{\"collectionName\":\"up_permissions\",\"info\":{\"name\":\"permission\",\"description\":\"\",\"singularName\":\"permission\",\"pluralName\":\"permissions\",\"displayName\":\"Permission\"},\"pluginOptions\":{\"content-manager\":{\"visible\":false},\"content-type-builder\":{\"visible\":false}},\"attributes\":{\"action\":{\"type\":\"string\",\"required\":true,\"configurable\":false},\"role\":{\"type\":\"relation\",\"relation\":\"manyToOne\",\"target\":\"plugin::users-permissions.role\",\"inversedBy\":\"permissions\",\"configurable\":false}},\"kind\":\"collectionType\"},\"modelType\":\"contentType\",\"modelName\":\"permission\",\"connection\":\"default\",\"uid\":\"plugin::users-permissions.permission\",\"plugin\":\"users-permissions\",\"globalId\":\"UsersPermissionsPermission\"},\"plugin::users-permissions.role\":{\"collectionName\":\"up_roles\",\"info\":{\"name\":\"role\",\"description\":\"\",\"singularName\":\"role\",\"pluralName\":\"roles\",\"displayName\":\"Role\"},\"pluginOptions\":{\"content-manager\":{\"visible\":false},\"content-type-builder\":{\"visible\":false}},\"attributes\":{\"name\":{\"type\":\"string\",\"minLength\":3,\"required\":true,\"configurable\":false},\"description\":{\"type\":\"string\",\"configurable\":false},\"type\":{\"type\":\"string\",\"unique\":true,\"configurable\":false},\"permissions\":{\"type\":\"relation\",\"relation\":\"oneToMany\",\"target\":\"plugin::users-permissions.permission\",\"mappedBy\":\"role\",\"configurable\":false},\"users\":{\"type\":\"relation\",\"relation\":\"oneToMany\",\"target\":\"plugin::users-permissions.user\",\"mappedBy\":\"role\",\"configurable\":false},\"createdAt\":{\"type\":\"datetime\"},\"updatedAt\":{\"type\":\"datetime\"},\"createdBy\":{\"type\":\"relation\",\"relation\":\"oneToOne\",\"target\":\"admin::user\",\"configurable\":false,\"writable\":false,\"visible\":false,\"useJoinTable\":false,\"private\":true},\"updatedBy\":{\"type\":\"relation\",\"relation\":\"oneToOne\",\"target\":\"admin::user\",\"configurable\":false,\"writable\":false,\"visible\":false,\"useJoinTable\":false,\"private\":true}},\"kind\":\"collectionType\",\"__schema__\":{\"collectionName\":\"up_roles\",\"info\":{\"name\":\"role\",\"description\":\"\",\"singularName\":\"role\",\"pluralName\":\"roles\",\"displayName\":\"Role\"},\"pluginOptions\":{\"content-manager\":{\"visible\":false},\"content-type-builder\":{\"visible\":false}},\"attributes\":{\"name\":{\"type\":\"string\",\"minLength\":3,\"required\":true,\"configurable\":false},\"description\":{\"type\":\"string\",\"configurable\":false},\"type\":{\"type\":\"string\",\"unique\":true,\"configurable\":false},\"permissions\":{\"type\":\"relation\",\"relation\":\"oneToMany\",\"target\":\"plugin::users-permissions.permission\",\"mappedBy\":\"role\",\"configurable\":false},\"users\":{\"type\":\"relation\",\"relation\":\"oneToMany\",\"target\":\"plugin::users-permissions.user\",\"mappedBy\":\"role\",\"configurable\":false}},\"kind\":\"collectionType\"},\"modelType\":\"contentType\",\"modelName\":\"role\",\"connection\":\"default\",\"uid\":\"plugin::users-permissions.role\",\"plugin\":\"users-permissions\",\"globalId\":\"UsersPermissionsRole\"},\"plugin::users-permissions.user\":{\"collectionName\":\"up_users\",\"info\":{\"name\":\"user\",\"description\":\"\",\"singularName\":\"user\",\"pluralName\":\"users\",\"displayName\":\"User\"},\"options\":{\"draftAndPublish\":false,\"timestamps\":true},\"attributes\":{\"username\":{\"type\":\"string\",\"minLength\":3,\"unique\":true,\"configurable\":false,\"required\":true},\"email\":{\"type\":\"email\",\"minLength\":6,\"configurable\":false,\"required\":true},\"provider\":{\"type\":\"string\",\"configurable\":false},\"password\":{\"type\":\"password\",\"minLength\":6,\"configurable\":false,\"private\":true,\"searchable\":false},\"resetPasswordToken\":{\"type\":\"string\",\"configurable\":false,\"private\":true,\"searchable\":false},\"confirmationToken\":{\"type\":\"string\",\"configurable\":false,\"private\":true,\"searchable\":false},\"confirmed\":{\"type\":\"boolean\",\"default\":false,\"configurable\":false},\"blocked\":{\"type\":\"boolean\",\"default\":false,\"configurable\":false},\"role\":{\"type\":\"relation\",\"relation\":\"manyToOne\",\"target\":\"plugin::users-permissions.role\",\"inversedBy\":\"users\",\"configurable\":false},\"createdAt\":{\"type\":\"datetime\"},\"updatedAt\":{\"type\":\"datetime\"},\"createdBy\":{\"type\":\"relation\",\"relation\":\"oneToOne\",\"target\":\"admin::user\",\"configurable\":false,\"writable\":false,\"visible\":false,\"useJoinTable\":false,\"private\":true},\"updatedBy\":{\"type\":\"relation\",\"relation\":\"oneToOne\",\"target\":\"admin::user\",\"configurable\":false,\"writable\":false,\"visible\":false,\"useJoinTable\":false,\"private\":true}},\"config\":{\"attributes\":{\"resetPasswordToken\":{\"hidden\":true},\"confirmationToken\":{\"hidden\":true},\"provider\":{\"hidden\":true}}},\"kind\":\"collectionType\",\"__schema__\":{\"collectionName\":\"up_users\",\"info\":{\"name\":\"user\",\"description\":\"\",\"singularName\":\"user\",\"pluralName\":\"users\",\"displayName\":\"User\"},\"options\":{\"draftAndPublish\":false,\"timestamps\":true},\"attributes\":{\"username\":{\"type\":\"string\",\"minLength\":3,\"unique\":true,\"configurable\":false,\"required\":true},\"email\":{\"type\":\"email\",\"minLength\":6,\"configurable\":false,\"required\":true},\"provider\":{\"type\":\"string\",\"configurable\":false},\"password\":{\"type\":\"password\",\"minLength\":6,\"configurable\":false,\"private\":true,\"searchable\":false},\"resetPasswordToken\":{\"type\":\"string\",\"configurable\":false,\"private\":true,\"searchable\":false},\"confirmationToken\":{\"type\":\"string\",\"configurable\":false,\"private\":true,\"searchable\":false},\"confirmed\":{\"type\":\"boolean\",\"default\":false,\"configurable\":false},\"blocked\":{\"type\":\"boolean\",\"default\":false,\"configurable\":false},\"role\":{\"type\":\"relation\",\"relation\":\"manyToOne\",\"target\":\"plugin::users-permissions.role\",\"inversedBy\":\"users\",\"configurable\":false}},\"kind\":\"collectionType\"},\"modelType\":\"contentType\",\"modelName\":\"user\",\"connection\":\"default\",\"uid\":\"plugin::users-permissions.user\",\"plugin\":\"users-permissions\",\"globalId\":\"UsersPermissionsUser\"}}','object',NULL,NULL),(2,'plugin_content_manager_configuration_content_types::admin::permission','{\"uid\":\"admin::permission\",\"settings\":{\"bulkable\":true,\"filterable\":true,\"searchable\":true,\"pageSize\":10,\"mainField\":\"action\",\"defaultSortBy\":\"action\",\"defaultSortOrder\":\"ASC\"},\"metadatas\":{\"id\":{\"edit\":{},\"list\":{\"label\":\"id\",\"searchable\":true,\"sortable\":true}},\"action\":{\"edit\":{\"label\":\"action\",\"description\":\"\",\"placeholder\":\"\",\"visible\":true,\"editable\":true},\"list\":{\"label\":\"action\",\"searchable\":true,\"sortable\":true}},\"subject\":{\"edit\":{\"label\":\"subject\",\"description\":\"\",\"placeholder\":\"\",\"visible\":true,\"editable\":true},\"list\":{\"label\":\"subject\",\"searchable\":true,\"sortable\":true}},\"properties\":{\"edit\":{\"label\":\"properties\",\"description\":\"\",\"placeholder\":\"\",\"visible\":true,\"editable\":true},\"list\":{\"label\":\"properties\",\"searchable\":false,\"sortable\":false}},\"conditions\":{\"edit\":{\"label\":\"conditions\",\"description\":\"\",\"placeholder\":\"\",\"visible\":true,\"editable\":true},\"list\":{\"label\":\"conditions\",\"searchable\":false,\"sortable\":false}},\"role\":{\"edit\":{\"label\":\"role\",\"description\":\"\",\"placeholder\":\"\",\"visible\":true,\"editable\":true,\"mainField\":\"name\"},\"list\":{\"label\":\"role\",\"searchable\":true,\"sortable\":true}},\"createdAt\":{\"edit\":{\"label\":\"createdAt\",\"description\":\"\",\"placeholder\":\"\",\"visible\":false,\"editable\":true},\"list\":{\"label\":\"createdAt\",\"searchable\":true,\"sortable\":true}},\"updatedAt\":{\"edit\":{\"label\":\"updatedAt\",\"description\":\"\",\"placeholder\":\"\",\"visible\":false,\"editable\":true},\"list\":{\"label\":\"updatedAt\",\"searchable\":true,\"sortable\":true}}},\"layouts\":{\"list\":[\"id\",\"action\",\"subject\",\"role\"],\"edit\":[[{\"name\":\"action\",\"size\":6},{\"name\":\"subject\",\"size\":6}],[{\"name\":\"properties\",\"size\":12}],[{\"name\":\"conditions\",\"size\":12}],[{\"name\":\"role\",\"size\":6}]]}}','object',NULL,NULL),(3,'plugin_content_manager_configuration_content_types::admin::role','{\"uid\":\"admin::role\",\"settings\":{\"bulkable\":true,\"filterable\":true,\"searchable\":true,\"pageSize\":10,\"mainField\":\"name\",\"defaultSortBy\":\"name\",\"defaultSortOrder\":\"ASC\"},\"metadatas\":{\"id\":{\"edit\":{},\"list\":{\"label\":\"id\",\"searchable\":true,\"sortable\":true}},\"name\":{\"edit\":{\"label\":\"name\",\"description\":\"\",\"placeholder\":\"\",\"visible\":true,\"editable\":true},\"list\":{\"label\":\"name\",\"searchable\":true,\"sortable\":true}},\"code\":{\"edit\":{\"label\":\"code\",\"description\":\"\",\"placeholder\":\"\",\"visible\":true,\"editable\":true},\"list\":{\"label\":\"code\",\"searchable\":true,\"sortable\":true}},\"description\":{\"edit\":{\"label\":\"description\",\"description\":\"\",\"placeholder\":\"\",\"visible\":true,\"editable\":true},\"list\":{\"label\":\"description\",\"searchable\":true,\"sortable\":true}},\"users\":{\"edit\":{\"label\":\"users\",\"description\":\"\",\"placeholder\":\"\",\"visible\":true,\"editable\":true,\"mainField\":\"firstname\"},\"list\":{\"label\":\"users\",\"searchable\":false,\"sortable\":false}},\"permissions\":{\"edit\":{\"label\":\"permissions\",\"description\":\"\",\"placeholder\":\"\",\"visible\":true,\"editable\":true,\"mainField\":\"action\"},\"list\":{\"label\":\"permissions\",\"searchable\":false,\"sortable\":false}},\"createdAt\":{\"edit\":{\"label\":\"createdAt\",\"description\":\"\",\"placeholder\":\"\",\"visible\":false,\"editable\":true},\"list\":{\"label\":\"createdAt\",\"searchable\":true,\"sortable\":true}},\"updatedAt\":{\"edit\":{\"label\":\"updatedAt\",\"description\":\"\",\"placeholder\":\"\",\"visible\":false,\"editable\":true},\"list\":{\"label\":\"updatedAt\",\"searchable\":true,\"sortable\":true}}},\"layouts\":{\"list\":[\"id\",\"name\",\"code\",\"description\"],\"edit\":[[{\"name\":\"name\",\"size\":6},{\"name\":\"code\",\"size\":6}],[{\"name\":\"description\",\"size\":6},{\"name\":\"users\",\"size\":6}],[{\"name\":\"permissions\",\"size\":6}]]}}','object',NULL,NULL),(4,'plugin_content_manager_configuration_content_types::admin::user','{\"uid\":\"admin::user\",\"settings\":{\"bulkable\":true,\"filterable\":true,\"searchable\":true,\"pageSize\":10,\"mainField\":\"firstname\",\"defaultSortBy\":\"firstname\",\"defaultSortOrder\":\"ASC\"},\"metadatas\":{\"id\":{\"edit\":{},\"list\":{\"label\":\"id\",\"searchable\":true,\"sortable\":true}},\"firstname\":{\"edit\":{\"label\":\"firstname\",\"description\":\"\",\"placeholder\":\"\",\"visible\":true,\"editable\":true},\"list\":{\"label\":\"firstname\",\"searchable\":true,\"sortable\":true}},\"lastname\":{\"edit\":{\"label\":\"lastname\",\"description\":\"\",\"placeholder\":\"\",\"visible\":true,\"editable\":true},\"list\":{\"label\":\"lastname\",\"searchable\":true,\"sortable\":true}},\"username\":{\"edit\":{\"label\":\"username\",\"description\":\"\",\"placeholder\":\"\",\"visible\":true,\"editable\":true},\"list\":{\"label\":\"username\",\"searchable\":true,\"sortable\":true}},\"email\":{\"edit\":{\"label\":\"email\",\"description\":\"\",\"placeholder\":\"\",\"visible\":true,\"editable\":true},\"list\":{\"label\":\"email\",\"searchable\":true,\"sortable\":true}},\"password\":{\"edit\":{\"label\":\"password\",\"description\":\"\",\"placeholder\":\"\",\"visible\":true,\"editable\":true},\"list\":{\"label\":\"password\",\"searchable\":true,\"sortable\":true}},\"resetPasswordToken\":{\"edit\":{\"label\":\"resetPasswordToken\",\"description\":\"\",\"placeholder\":\"\",\"visible\":true,\"editable\":true},\"list\":{\"label\":\"resetPasswordToken\",\"searchable\":true,\"sortable\":true}},\"registrationToken\":{\"edit\":{\"label\":\"registrationToken\",\"description\":\"\",\"placeholder\":\"\",\"visible\":true,\"editable\":true},\"list\":{\"label\":\"registrationToken\",\"searchable\":true,\"sortable\":true}},\"isActive\":{\"edit\":{\"label\":\"isActive\",\"description\":\"\",\"placeholder\":\"\",\"visible\":true,\"editable\":true},\"list\":{\"label\":\"isActive\",\"searchable\":true,\"sortable\":true}},\"roles\":{\"edit\":{\"label\":\"roles\",\"description\":\"\",\"placeholder\":\"\",\"visible\":true,\"editable\":true,\"mainField\":\"name\"},\"list\":{\"label\":\"roles\",\"searchable\":false,\"sortable\":false}},\"blocked\":{\"edit\":{\"label\":\"blocked\",\"description\":\"\",\"placeholder\":\"\",\"visible\":true,\"editable\":true},\"list\":{\"label\":\"blocked\",\"searchable\":true,\"sortable\":true}},\"preferedLanguage\":{\"edit\":{\"label\":\"preferedLanguage\",\"description\":\"\",\"placeholder\":\"\",\"visible\":true,\"editable\":true},\"list\":{\"label\":\"preferedLanguage\",\"searchable\":true,\"sortable\":true}},\"createdAt\":{\"edit\":{\"label\":\"createdAt\",\"description\":\"\",\"placeholder\":\"\",\"visible\":false,\"editable\":true},\"list\":{\"label\":\"createdAt\",\"searchable\":true,\"sortable\":true}},\"updatedAt\":{\"edit\":{\"label\":\"updatedAt\",\"description\":\"\",\"placeholder\":\"\",\"visible\":false,\"editable\":true},\"list\":{\"label\":\"updatedAt\",\"searchable\":true,\"sortable\":true}}},\"layouts\":{\"list\":[\"id\",\"firstname\",\"lastname\",\"username\"],\"edit\":[[{\"name\":\"firstname\",\"size\":6},{\"name\":\"lastname\",\"size\":6}],[{\"name\":\"username\",\"size\":6},{\"name\":\"email\",\"size\":6}],[{\"name\":\"password\",\"size\":6},{\"name\":\"resetPasswordToken\",\"size\":6}],[{\"name\":\"registrationToken\",\"size\":6},{\"name\":\"isActive\",\"size\":4}],[{\"name\":\"roles\",\"size\":6},{\"name\":\"blocked\",\"size\":4}],[{\"name\":\"preferedLanguage\",\"size\":6}]]}}','object',NULL,NULL),(5,'plugin_content_manager_configuration_content_types::admin::api-token-permission','{\"uid\":\"admin::api-token-permission\",\"settings\":{\"bulkable\":true,\"filterable\":true,\"searchable\":true,\"pageSize\":10,\"mainField\":\"action\",\"defaultSortBy\":\"action\",\"defaultSortOrder\":\"ASC\"},\"metadatas\":{\"id\":{\"edit\":{},\"list\":{\"label\":\"id\",\"searchable\":true,\"sortable\":true}},\"action\":{\"edit\":{\"label\":\"action\",\"description\":\"\",\"placeholder\":\"\",\"visible\":true,\"editable\":true},\"list\":{\"label\":\"action\",\"searchable\":true,\"sortable\":true}},\"token\":{\"edit\":{\"label\":\"token\",\"description\":\"\",\"placeholder\":\"\",\"visible\":true,\"editable\":true,\"mainField\":\"name\"},\"list\":{\"label\":\"token\",\"searchable\":true,\"sortable\":true}},\"createdAt\":{\"edit\":{\"label\":\"createdAt\",\"description\":\"\",\"placeholder\":\"\",\"visible\":false,\"editable\":true},\"list\":{\"label\":\"createdAt\",\"searchable\":true,\"sortable\":true}},\"updatedAt\":{\"edit\":{\"label\":\"updatedAt\",\"description\":\"\",\"placeholder\":\"\",\"visible\":false,\"editable\":true},\"list\":{\"label\":\"updatedAt\",\"searchable\":true,\"sortable\":true}}},\"layouts\":{\"list\":[\"id\",\"action\",\"token\",\"createdAt\"],\"edit\":[[{\"name\":\"action\",\"size\":6},{\"name\":\"token\",\"size\":6}]]}}','object',NULL,NULL),(6,'plugin_content_manager_configuration_content_types::admin::api-token','{\"uid\":\"admin::api-token\",\"settings\":{\"bulkable\":true,\"filterable\":true,\"searchable\":true,\"pageSize\":10,\"mainField\":\"name\",\"defaultSortBy\":\"name\",\"defaultSortOrder\":\"ASC\"},\"metadatas\":{\"id\":{\"edit\":{},\"list\":{\"label\":\"id\",\"searchable\":true,\"sortable\":true}},\"name\":{\"edit\":{\"label\":\"name\",\"description\":\"\",\"placeholder\":\"\",\"visible\":true,\"editable\":true},\"list\":{\"label\":\"name\",\"searchable\":true,\"sortable\":true}},\"description\":{\"edit\":{\"label\":\"description\",\"description\":\"\",\"placeholder\":\"\",\"visible\":true,\"editable\":true},\"list\":{\"label\":\"description\",\"searchable\":true,\"sortable\":true}},\"type\":{\"edit\":{\"label\":\"type\",\"description\":\"\",\"placeholder\":\"\",\"visible\":true,\"editable\":true},\"list\":{\"label\":\"type\",\"searchable\":true,\"sortable\":true}},\"accessKey\":{\"edit\":{\"label\":\"accessKey\",\"description\":\"\",\"placeholder\":\"\",\"visible\":true,\"editable\":true},\"list\":{\"label\":\"accessKey\",\"searchable\":true,\"sortable\":true}},\"lastUsedAt\":{\"edit\":{\"label\":\"lastUsedAt\",\"description\":\"\",\"placeholder\":\"\",\"visible\":true,\"editable\":true},\"list\":{\"label\":\"lastUsedAt\",\"searchable\":true,\"sortable\":true}},\"permissions\":{\"edit\":{\"label\":\"permissions\",\"description\":\"\",\"placeholder\":\"\",\"visible\":true,\"editable\":true,\"mainField\":\"action\"},\"list\":{\"label\":\"permissions\",\"searchable\":false,\"sortable\":false}},\"expiresAt\":{\"edit\":{\"label\":\"expiresAt\",\"description\":\"\",\"placeholder\":\"\",\"visible\":true,\"editable\":true},\"list\":{\"label\":\"expiresAt\",\"searchable\":true,\"sortable\":true}},\"lifespan\":{\"edit\":{\"label\":\"lifespan\",\"description\":\"\",\"placeholder\":\"\",\"visible\":true,\"editable\":true},\"list\":{\"label\":\"lifespan\",\"searchable\":true,\"sortable\":true}},\"createdAt\":{\"edit\":{\"label\":\"createdAt\",\"description\":\"\",\"placeholder\":\"\",\"visible\":false,\"editable\":true},\"list\":{\"label\":\"createdAt\",\"searchable\":true,\"sortable\":true}},\"updatedAt\":{\"edit\":{\"label\":\"updatedAt\",\"description\":\"\",\"placeholder\":\"\",\"visible\":false,\"editable\":true},\"list\":{\"label\":\"updatedAt\",\"searchable\":true,\"sortable\":true}}},\"layouts\":{\"list\":[\"id\",\"name\",\"description\",\"type\"],\"edit\":[[{\"name\":\"name\",\"size\":6},{\"name\":\"description\",\"size\":6}],[{\"name\":\"type\",\"size\":6},{\"name\":\"accessKey\",\"size\":6}],[{\"name\":\"lastUsedAt\",\"size\":6},{\"name\":\"permissions\",\"size\":6}],[{\"name\":\"expiresAt\",\"size\":6},{\"name\":\"lifespan\",\"size\":4}]]}}','object',NULL,NULL),(7,'plugin_content_manager_configuration_content_types::admin::transfer-token','{\"uid\":\"admin::transfer-token\",\"settings\":{\"bulkable\":true,\"filterable\":true,\"searchable\":true,\"pageSize\":10,\"mainField\":\"name\",\"defaultSortBy\":\"name\",\"defaultSortOrder\":\"ASC\"},\"metadatas\":{\"id\":{\"edit\":{},\"list\":{\"label\":\"id\",\"searchable\":true,\"sortable\":true}},\"name\":{\"edit\":{\"label\":\"name\",\"description\":\"\",\"placeholder\":\"\",\"visible\":true,\"editable\":true},\"list\":{\"label\":\"name\",\"searchable\":true,\"sortable\":true}},\"description\":{\"edit\":{\"label\":\"description\",\"description\":\"\",\"placeholder\":\"\",\"visible\":true,\"editable\":true},\"list\":{\"label\":\"description\",\"searchable\":true,\"sortable\":true}},\"accessKey\":{\"edit\":{\"label\":\"accessKey\",\"description\":\"\",\"placeholder\":\"\",\"visible\":true,\"editable\":true},\"list\":{\"label\":\"accessKey\",\"searchable\":true,\"sortable\":true}},\"lastUsedAt\":{\"edit\":{\"label\":\"lastUsedAt\",\"description\":\"\",\"placeholder\":\"\",\"visible\":true,\"editable\":true},\"list\":{\"label\":\"lastUsedAt\",\"searchable\":true,\"sortable\":true}},\"permissions\":{\"edit\":{\"label\":\"permissions\",\"description\":\"\",\"placeholder\":\"\",\"visible\":true,\"editable\":true,\"mainField\":\"action\"},\"list\":{\"label\":\"permissions\",\"searchable\":false,\"sortable\":false}},\"expiresAt\":{\"edit\":{\"label\":\"expiresAt\",\"description\":\"\",\"placeholder\":\"\",\"visible\":true,\"editable\":true},\"list\":{\"label\":\"expiresAt\",\"searchable\":true,\"sortable\":true}},\"lifespan\":{\"edit\":{\"label\":\"lifespan\",\"description\":\"\",\"placeholder\":\"\",\"visible\":true,\"editable\":true},\"list\":{\"label\":\"lifespan\",\"searchable\":true,\"sortable\":true}},\"createdAt\":{\"edit\":{\"label\":\"createdAt\",\"description\":\"\",\"placeholder\":\"\",\"visible\":false,\"editable\":true},\"list\":{\"label\":\"createdAt\",\"searchable\":true,\"sortable\":true}},\"updatedAt\":{\"edit\":{\"label\":\"updatedAt\",\"description\":\"\",\"placeholder\":\"\",\"visible\":false,\"editable\":true},\"list\":{\"label\":\"updatedAt\",\"searchable\":true,\"sortable\":true}}},\"layouts\":{\"list\":[\"id\",\"name\",\"description\",\"accessKey\"],\"edit\":[[{\"name\":\"name\",\"size\":6},{\"name\":\"description\",\"size\":6}],[{\"name\":\"accessKey\",\"size\":6},{\"name\":\"lastUsedAt\",\"size\":6}],[{\"name\":\"permissions\",\"size\":6},{\"name\":\"expiresAt\",\"size\":6}],[{\"name\":\"lifespan\",\"size\":4}]]}}','object',NULL,NULL),(8,'plugin_content_manager_configuration_content_types::admin::transfer-token-permission','{\"uid\":\"admin::transfer-token-permission\",\"settings\":{\"bulkable\":true,\"filterable\":true,\"searchable\":true,\"pageSize\":10,\"mainField\":\"action\",\"defaultSortBy\":\"action\",\"defaultSortOrder\":\"ASC\"},\"metadatas\":{\"id\":{\"edit\":{},\"list\":{\"label\":\"id\",\"searchable\":true,\"sortable\":true}},\"action\":{\"edit\":{\"label\":\"action\",\"description\":\"\",\"placeholder\":\"\",\"visible\":true,\"editable\":true},\"list\":{\"label\":\"action\",\"searchable\":true,\"sortable\":true}},\"token\":{\"edit\":{\"label\":\"token\",\"description\":\"\",\"placeholder\":\"\",\"visible\":true,\"editable\":true,\"mainField\":\"name\"},\"list\":{\"label\":\"token\",\"searchable\":true,\"sortable\":true}},\"createdAt\":{\"edit\":{\"label\":\"createdAt\",\"description\":\"\",\"placeholder\":\"\",\"visible\":false,\"editable\":true},\"list\":{\"label\":\"createdAt\",\"searchable\":true,\"sortable\":true}},\"updatedAt\":{\"edit\":{\"label\":\"updatedAt\",\"description\":\"\",\"placeholder\":\"\",\"visible\":false,\"editable\":true},\"list\":{\"label\":\"updatedAt\",\"searchable\":true,\"sortable\":true}}},\"layouts\":{\"list\":[\"id\",\"action\",\"token\",\"createdAt\"],\"edit\":[[{\"name\":\"action\",\"size\":6},{\"name\":\"token\",\"size\":6}]]}}','object',NULL,NULL),(9,'plugin_content_manager_configuration_content_types::plugin::upload.file','{\"uid\":\"plugin::upload.file\",\"settings\":{\"bulkable\":true,\"filterable\":true,\"searchable\":true,\"pageSize\":10,\"mainField\":\"name\",\"defaultSortBy\":\"name\",\"defaultSortOrder\":\"ASC\"},\"metadatas\":{\"id\":{\"edit\":{},\"list\":{\"label\":\"id\",\"searchable\":true,\"sortable\":true}},\"name\":{\"edit\":{\"label\":\"name\",\"description\":\"\",\"placeholder\":\"\",\"visible\":true,\"editable\":true},\"list\":{\"label\":\"name\",\"searchable\":true,\"sortable\":true}},\"alternativeText\":{\"edit\":{\"label\":\"alternativeText\",\"description\":\"\",\"placeholder\":\"\",\"visible\":true,\"editable\":true},\"list\":{\"label\":\"alternativeText\",\"searchable\":true,\"sortable\":true}},\"caption\":{\"edit\":{\"label\":\"caption\",\"description\":\"\",\"placeholder\":\"\",\"visible\":true,\"editable\":true},\"list\":{\"label\":\"caption\",\"searchable\":true,\"sortable\":true}},\"width\":{\"edit\":{\"label\":\"width\",\"description\":\"\",\"placeholder\":\"\",\"visible\":true,\"editable\":true},\"list\":{\"label\":\"width\",\"searchable\":true,\"sortable\":true}},\"height\":{\"edit\":{\"label\":\"height\",\"description\":\"\",\"placeholder\":\"\",\"visible\":true,\"editable\":true},\"list\":{\"label\":\"height\",\"searchable\":true,\"sortable\":true}},\"formats\":{\"edit\":{\"label\":\"formats\",\"description\":\"\",\"placeholder\":\"\",\"visible\":true,\"editable\":true},\"list\":{\"label\":\"formats\",\"searchable\":false,\"sortable\":false}},\"hash\":{\"edit\":{\"label\":\"hash\",\"description\":\"\",\"placeholder\":\"\",\"visible\":true,\"editable\":true},\"list\":{\"label\":\"hash\",\"searchable\":true,\"sortable\":true}},\"ext\":{\"edit\":{\"label\":\"ext\",\"description\":\"\",\"placeholder\":\"\",\"visible\":true,\"editable\":true},\"list\":{\"label\":\"ext\",\"searchable\":true,\"sortable\":true}},\"mime\":{\"edit\":{\"label\":\"mime\",\"description\":\"\",\"placeholder\":\"\",\"visible\":true,\"editable\":true},\"list\":{\"label\":\"mime\",\"searchable\":true,\"sortable\":true}},\"size\":{\"edit\":{\"label\":\"size\",\"description\":\"\",\"placeholder\":\"\",\"visible\":true,\"editable\":true},\"list\":{\"label\":\"size\",\"searchable\":true,\"sortable\":true}},\"url\":{\"edit\":{\"label\":\"url\",\"description\":\"\",\"placeholder\":\"\",\"visible\":true,\"editable\":true},\"list\":{\"label\":\"url\",\"searchable\":true,\"sortable\":true}},\"previewUrl\":{\"edit\":{\"label\":\"previewUrl\",\"description\":\"\",\"placeholder\":\"\",\"visible\":true,\"editable\":true},\"list\":{\"label\":\"previewUrl\",\"searchable\":true,\"sortable\":true}},\"provider\":{\"edit\":{\"label\":\"provider\",\"description\":\"\",\"placeholder\":\"\",\"visible\":true,\"editable\":true},\"list\":{\"label\":\"provider\",\"searchable\":true,\"sortable\":true}},\"provider_metadata\":{\"edit\":{\"label\":\"provider_metadata\",\"description\":\"\",\"placeholder\":\"\",\"visible\":true,\"editable\":true},\"list\":{\"label\":\"provider_metadata\",\"searchable\":false,\"sortable\":false}},\"folder\":{\"edit\":{\"label\":\"folder\",\"description\":\"\",\"placeholder\":\"\",\"visible\":true,\"editable\":true,\"mainField\":\"name\"},\"list\":{\"label\":\"folder\",\"searchable\":true,\"sortable\":true}},\"folderPath\":{\"edit\":{\"label\":\"folderPath\",\"description\":\"\",\"placeholder\":\"\",\"visible\":true,\"editable\":true},\"list\":{\"label\":\"folderPath\",\"searchable\":true,\"sortable\":true}},\"createdAt\":{\"edit\":{\"label\":\"createdAt\",\"description\":\"\",\"placeholder\":\"\",\"visible\":false,\"editable\":true},\"list\":{\"label\":\"createdAt\",\"searchable\":true,\"sortable\":true}},\"updatedAt\":{\"edit\":{\"label\":\"updatedAt\",\"description\":\"\",\"placeholder\":\"\",\"visible\":false,\"editable\":true},\"list\":{\"label\":\"updatedAt\",\"searchable\":true,\"sortable\":true}}},\"layouts\":{\"list\":[\"id\",\"name\",\"alternativeText\",\"caption\"],\"edit\":[[{\"name\":\"name\",\"size\":6},{\"name\":\"alternativeText\",\"size\":6}],[{\"name\":\"caption\",\"size\":6},{\"name\":\"width\",\"size\":4}],[{\"name\":\"height\",\"size\":4}],[{\"name\":\"formats\",\"size\":12}],[{\"name\":\"hash\",\"size\":6},{\"name\":\"ext\",\"size\":6}],[{\"name\":\"mime\",\"size\":6},{\"name\":\"size\",\"size\":4}],[{\"name\":\"url\",\"size\":6},{\"name\":\"previewUrl\",\"size\":6}],[{\"name\":\"provider\",\"size\":6}],[{\"name\":\"provider_metadata\",\"size\":12}],[{\"name\":\"folder\",\"size\":6},{\"name\":\"folderPath\",\"size\":6}]]}}','object',NULL,NULL),(10,'plugin_content_manager_configuration_content_types::plugin::upload.folder','{\"uid\":\"plugin::upload.folder\",\"settings\":{\"bulkable\":true,\"filterable\":true,\"searchable\":true,\"pageSize\":10,\"mainField\":\"name\",\"defaultSortBy\":\"name\",\"defaultSortOrder\":\"ASC\"},\"metadatas\":{\"id\":{\"edit\":{},\"list\":{\"label\":\"id\",\"searchable\":true,\"sortable\":true}},\"name\":{\"edit\":{\"label\":\"name\",\"description\":\"\",\"placeholder\":\"\",\"visible\":true,\"editable\":true},\"list\":{\"label\":\"name\",\"searchable\":true,\"sortable\":true}},\"pathId\":{\"edit\":{\"label\":\"pathId\",\"description\":\"\",\"placeholder\":\"\",\"visible\":true,\"editable\":true},\"list\":{\"label\":\"pathId\",\"searchable\":true,\"sortable\":true}},\"parent\":{\"edit\":{\"label\":\"parent\",\"description\":\"\",\"placeholder\":\"\",\"visible\":true,\"editable\":true,\"mainField\":\"name\"},\"list\":{\"label\":\"parent\",\"searchable\":true,\"sortable\":true}},\"children\":{\"edit\":{\"label\":\"children\",\"description\":\"\",\"placeholder\":\"\",\"visible\":true,\"editable\":true,\"mainField\":\"name\"},\"list\":{\"label\":\"children\",\"searchable\":false,\"sortable\":false}},\"files\":{\"edit\":{\"label\":\"files\",\"description\":\"\",\"placeholder\":\"\",\"visible\":true,\"editable\":true,\"mainField\":\"name\"},\"list\":{\"label\":\"files\",\"searchable\":false,\"sortable\":false}},\"path\":{\"edit\":{\"label\":\"path\",\"description\":\"\",\"placeholder\":\"\",\"visible\":true,\"editable\":true},\"list\":{\"label\":\"path\",\"searchable\":true,\"sortable\":true}},\"createdAt\":{\"edit\":{\"label\":\"createdAt\",\"description\":\"\",\"placeholder\":\"\",\"visible\":false,\"editable\":true},\"list\":{\"label\":\"createdAt\",\"searchable\":true,\"sortable\":true}},\"updatedAt\":{\"edit\":{\"label\":\"updatedAt\",\"description\":\"\",\"placeholder\":\"\",\"visible\":false,\"editable\":true},\"list\":{\"label\":\"updatedAt\",\"searchable\":true,\"sortable\":true}}},\"layouts\":{\"list\":[\"id\",\"name\",\"pathId\",\"parent\"],\"edit\":[[{\"name\":\"name\",\"size\":6},{\"name\":\"pathId\",\"size\":4}],[{\"name\":\"parent\",\"size\":6},{\"name\":\"children\",\"size\":6}],[{\"name\":\"files\",\"size\":6},{\"name\":\"path\",\"size\":6}]]}}','object',NULL,NULL),(11,'plugin_content_manager_configuration_content_types::plugin::users-permissions.permission','{\"uid\":\"plugin::users-permissions.permission\",\"settings\":{\"bulkable\":true,\"filterable\":true,\"searchable\":true,\"pageSize\":10,\"mainField\":\"action\",\"defaultSortBy\":\"action\",\"defaultSortOrder\":\"ASC\"},\"metadatas\":{\"id\":{\"edit\":{},\"list\":{\"label\":\"id\",\"searchable\":true,\"sortable\":true}},\"action\":{\"edit\":{\"label\":\"action\",\"description\":\"\",\"placeholder\":\"\",\"visible\":true,\"editable\":true},\"list\":{\"label\":\"action\",\"searchable\":true,\"sortable\":true}},\"role\":{\"edit\":{\"label\":\"role\",\"description\":\"\",\"placeholder\":\"\",\"visible\":true,\"editable\":true,\"mainField\":\"name\"},\"list\":{\"label\":\"role\",\"searchable\":true,\"sortable\":true}},\"createdAt\":{\"edit\":{\"label\":\"createdAt\",\"description\":\"\",\"placeholder\":\"\",\"visible\":false,\"editable\":true},\"list\":{\"label\":\"createdAt\",\"searchable\":true,\"sortable\":true}},\"updatedAt\":{\"edit\":{\"label\":\"updatedAt\",\"description\":\"\",\"placeholder\":\"\",\"visible\":false,\"editable\":true},\"list\":{\"label\":\"updatedAt\",\"searchable\":true,\"sortable\":true}}},\"layouts\":{\"list\":[\"id\",\"action\",\"role\",\"createdAt\"],\"edit\":[[{\"name\":\"action\",\"size\":6},{\"name\":\"role\",\"size\":6}]]}}','object',NULL,NULL),(12,'plugin_content_manager_configuration_content_types::plugin::users-permissions.role','{\"uid\":\"plugin::users-permissions.role\",\"settings\":{\"bulkable\":true,\"filterable\":true,\"searchable\":true,\"pageSize\":10,\"mainField\":\"name\",\"defaultSortBy\":\"name\",\"defaultSortOrder\":\"ASC\"},\"metadatas\":{\"id\":{\"edit\":{},\"list\":{\"label\":\"id\",\"searchable\":true,\"sortable\":true}},\"name\":{\"edit\":{\"label\":\"name\",\"description\":\"\",\"placeholder\":\"\",\"visible\":true,\"editable\":true},\"list\":{\"label\":\"name\",\"searchable\":true,\"sortable\":true}},\"description\":{\"edit\":{\"label\":\"description\",\"description\":\"\",\"placeholder\":\"\",\"visible\":true,\"editable\":true},\"list\":{\"label\":\"description\",\"searchable\":true,\"sortable\":true}},\"type\":{\"edit\":{\"label\":\"type\",\"description\":\"\",\"placeholder\":\"\",\"visible\":true,\"editable\":true},\"list\":{\"label\":\"type\",\"searchable\":true,\"sortable\":true}},\"permissions\":{\"edit\":{\"label\":\"permissions\",\"description\":\"\",\"placeholder\":\"\",\"visible\":true,\"editable\":true,\"mainField\":\"action\"},\"list\":{\"label\":\"permissions\",\"searchable\":false,\"sortable\":false}},\"users\":{\"edit\":{\"label\":\"users\",\"description\":\"\",\"placeholder\":\"\",\"visible\":true,\"editable\":true,\"mainField\":\"username\"},\"list\":{\"label\":\"users\",\"searchable\":false,\"sortable\":false}},\"createdAt\":{\"edit\":{\"label\":\"createdAt\",\"description\":\"\",\"placeholder\":\"\",\"visible\":false,\"editable\":true},\"list\":{\"label\":\"createdAt\",\"searchable\":true,\"sortable\":true}},\"updatedAt\":{\"edit\":{\"label\":\"updatedAt\",\"description\":\"\",\"placeholder\":\"\",\"visible\":false,\"editable\":true},\"list\":{\"label\":\"updatedAt\",\"searchable\":true,\"sortable\":true}}},\"layouts\":{\"list\":[\"id\",\"name\",\"description\",\"type\"],\"edit\":[[{\"name\":\"name\",\"size\":6},{\"name\":\"description\",\"size\":6}],[{\"name\":\"type\",\"size\":6},{\"name\":\"permissions\",\"size\":6}],[{\"name\":\"users\",\"size\":6}]]}}','object',NULL,NULL),(13,'plugin_content_manager_configuration_content_types::plugin::users-permissions.user','{\"uid\":\"plugin::users-permissions.user\",\"settings\":{\"bulkable\":true,\"filterable\":true,\"searchable\":true,\"pageSize\":10,\"mainField\":\"username\",\"defaultSortBy\":\"username\",\"defaultSortOrder\":\"ASC\"},\"metadatas\":{\"id\":{\"edit\":{},\"list\":{\"label\":\"id\",\"searchable\":true,\"sortable\":true}},\"username\":{\"edit\":{\"label\":\"username\",\"description\":\"\",\"placeholder\":\"\",\"visible\":true,\"editable\":true},\"list\":{\"label\":\"username\",\"searchable\":true,\"sortable\":true}},\"email\":{\"edit\":{\"label\":\"email\",\"description\":\"\",\"placeholder\":\"\",\"visible\":true,\"editable\":true},\"list\":{\"label\":\"email\",\"searchable\":true,\"sortable\":true}},\"provider\":{\"edit\":{\"label\":\"provider\",\"description\":\"\",\"placeholder\":\"\",\"visible\":false,\"editable\":true},\"list\":{\"label\":\"provider\",\"searchable\":true,\"sortable\":true}},\"password\":{\"edit\":{\"label\":\"password\",\"description\":\"\",\"placeholder\":\"\",\"visible\":true,\"editable\":true},\"list\":{\"label\":\"password\",\"searchable\":true,\"sortable\":true}},\"resetPasswordToken\":{\"edit\":{\"label\":\"resetPasswordToken\",\"description\":\"\",\"placeholder\":\"\",\"visible\":false,\"editable\":true},\"list\":{\"label\":\"resetPasswordToken\",\"searchable\":true,\"sortable\":true}},\"confirmationToken\":{\"edit\":{\"label\":\"confirmationToken\",\"description\":\"\",\"placeholder\":\"\",\"visible\":false,\"editable\":true},\"list\":{\"label\":\"confirmationToken\",\"searchable\":true,\"sortable\":true}},\"confirmed\":{\"edit\":{\"label\":\"confirmed\",\"description\":\"\",\"placeholder\":\"\",\"visible\":true,\"editable\":true},\"list\":{\"label\":\"confirmed\",\"searchable\":true,\"sortable\":true}},\"blocked\":{\"edit\":{\"label\":\"blocked\",\"description\":\"\",\"placeholder\":\"\",\"visible\":true,\"editable\":true},\"list\":{\"label\":\"blocked\",\"searchable\":true,\"sortable\":true}},\"role\":{\"edit\":{\"label\":\"role\",\"description\":\"\",\"placeholder\":\"\",\"visible\":true,\"editable\":true,\"mainField\":\"name\"},\"list\":{\"label\":\"role\",\"searchable\":true,\"sortable\":true}},\"createdAt\":{\"edit\":{\"label\":\"createdAt\",\"description\":\"\",\"placeholder\":\"\",\"visible\":false,\"editable\":true},\"list\":{\"label\":\"createdAt\",\"searchable\":true,\"sortable\":true}},\"updatedAt\":{\"edit\":{\"label\":\"updatedAt\",\"description\":\"\",\"placeholder\":\"\",\"visible\":false,\"editable\":true},\"list\":{\"label\":\"updatedAt\",\"searchable\":true,\"sortable\":true}}},\"layouts\":{\"list\":[\"id\",\"username\",\"email\",\"confirmed\"],\"edit\":[[{\"name\":\"username\",\"size\":6},{\"name\":\"email\",\"size\":6}],[{\"name\":\"password\",\"size\":6},{\"name\":\"confirmed\",\"size\":4}],[{\"name\":\"blocked\",\"size\":4},{\"name\":\"role\",\"size\":6}]]}}','object',NULL,NULL),(14,'plugin_content_manager_configuration_content_types::plugin::i18n.locale','{\"uid\":\"plugin::i18n.locale\",\"settings\":{\"bulkable\":true,\"filterable\":true,\"searchable\":true,\"pageSize\":10,\"mainField\":\"name\",\"defaultSortBy\":\"name\",\"defaultSortOrder\":\"ASC\"},\"metadatas\":{\"id\":{\"edit\":{},\"list\":{\"label\":\"id\",\"searchable\":true,\"sortable\":true}},\"name\":{\"edit\":{\"label\":\"name\",\"description\":\"\",\"placeholder\":\"\",\"visible\":true,\"editable\":true},\"list\":{\"label\":\"name\",\"searchable\":true,\"sortable\":true}},\"code\":{\"edit\":{\"label\":\"code\",\"description\":\"\",\"placeholder\":\"\",\"visible\":true,\"editable\":true},\"list\":{\"label\":\"code\",\"searchable\":true,\"sortable\":true}},\"createdAt\":{\"edit\":{\"label\":\"createdAt\",\"description\":\"\",\"placeholder\":\"\",\"visible\":false,\"editable\":true},\"list\":{\"label\":\"createdAt\",\"searchable\":true,\"sortable\":true}},\"updatedAt\":{\"edit\":{\"label\":\"updatedAt\",\"description\":\"\",\"placeholder\":\"\",\"visible\":false,\"editable\":true},\"list\":{\"label\":\"updatedAt\",\"searchable\":true,\"sortable\":true}}},\"layouts\":{\"list\":[\"id\",\"name\",\"code\",\"createdAt\"],\"edit\":[[{\"name\":\"name\",\"size\":6},{\"name\":\"code\",\"size\":6}]]}}','object',NULL,NULL),(15,'plugin_upload_settings','{\"sizeOptimization\":true,\"responsiveDimensions\":true,\"autoOrientation\":false}','object',NULL,NULL),(16,'plugin_upload_view_configuration','{\"pageSize\":10,\"sort\":\"createdAt:DESC\"}','object',NULL,NULL),(17,'plugin_upload_metrics','{\"weeklySchedule\":\"28 26 21 * * 0\",\"lastWeeklyUpdate\":1695565588046}','object',NULL,NULL),(18,'plugin_users-permissions_grant','{\"email\":{\"enabled\":true,\"icon\":\"envelope\"},\"discord\":{\"enabled\":false,\"icon\":\"discord\",\"key\":\"\",\"secret\":\"\",\"callback\":\"api/auth/discord/callback\",\"scope\":[\"identify\",\"email\"]},\"facebook\":{\"enabled\":false,\"icon\":\"facebook-square\",\"key\":\"\",\"secret\":\"\",\"callback\":\"api/auth/facebook/callback\",\"scope\":[\"email\"]},\"google\":{\"enabled\":false,\"icon\":\"google\",\"key\":\"\",\"secret\":\"\",\"callback\":\"api/auth/google/callback\",\"scope\":[\"email\"]},\"github\":{\"enabled\":false,\"icon\":\"github\",\"key\":\"\",\"secret\":\"\",\"callback\":\"api/auth/github/callback\",\"scope\":[\"user\",\"user:email\"]},\"microsoft\":{\"enabled\":false,\"icon\":\"windows\",\"key\":\"\",\"secret\":\"\",\"callback\":\"api/auth/microsoft/callback\",\"scope\":[\"user.read\"]},\"twitter\":{\"enabled\":false,\"icon\":\"twitter\",\"key\":\"\",\"secret\":\"\",\"callback\":\"api/auth/twitter/callback\"},\"instagram\":{\"enabled\":false,\"icon\":\"instagram\",\"key\":\"\",\"secret\":\"\",\"callback\":\"api/auth/instagram/callback\",\"scope\":[\"user_profile\"]},\"vk\":{\"enabled\":false,\"icon\":\"vk\",\"key\":\"\",\"secret\":\"\",\"callback\":\"api/auth/vk/callback\",\"scope\":[\"email\"]},\"twitch\":{\"enabled\":false,\"icon\":\"twitch\",\"key\":\"\",\"secret\":\"\",\"callback\":\"api/auth/twitch/callback\",\"scope\":[\"user:read:email\"]},\"linkedin\":{\"enabled\":false,\"icon\":\"linkedin\",\"key\":\"\",\"secret\":\"\",\"callback\":\"api/auth/linkedin/callback\",\"scope\":[\"r_liteprofile\",\"r_emailaddress\"]},\"cognito\":{\"enabled\":false,\"icon\":\"aws\",\"key\":\"\",\"secret\":\"\",\"subdomain\":\"my.subdomain.com\",\"callback\":\"api/auth/cognito/callback\",\"scope\":[\"email\",\"openid\",\"profile\"]},\"reddit\":{\"enabled\":false,\"icon\":\"reddit\",\"key\":\"\",\"secret\":\"\",\"state\":true,\"callback\":\"api/auth/reddit/callback\",\"scope\":[\"identity\"]},\"auth0\":{\"enabled\":false,\"icon\":\"\",\"key\":\"\",\"secret\":\"\",\"subdomain\":\"my-tenant.eu\",\"callback\":\"api/auth/auth0/callback\",\"scope\":[\"openid\",\"email\",\"profile\"]},\"cas\":{\"enabled\":false,\"icon\":\"book\",\"key\":\"\",\"secret\":\"\",\"callback\":\"api/auth/cas/callback\",\"scope\":[\"openid email\"],\"subdomain\":\"my.subdomain.com/cas\"},\"patreon\":{\"enabled\":false,\"icon\":\"\",\"key\":\"\",\"secret\":\"\",\"callback\":\"api/auth/patreon/callback\",\"scope\":[\"identity\",\"identity[email]\"]}}','object',NULL,NULL),(19,'plugin_users-permissions_email','{\"reset_password\":{\"display\":\"Email.template.reset_password\",\"icon\":\"sync\",\"options\":{\"from\":{\"name\":\"Administration Panel\",\"email\":\"no-reply@strapi.io\"},\"response_email\":\"\",\"object\":\"Reset password\",\"message\":\"<p>We heard that you lost your password. Sorry about that!</p>\\n\\n<p>But don’t worry! You can use the following link to reset your password:</p>\\n<p><%= URL %>?code=<%= TOKEN %></p>\\n\\n<p>Thanks.</p>\"}},\"email_confirmation\":{\"display\":\"Email.template.email_confirmation\",\"icon\":\"check-square\",\"options\":{\"from\":{\"name\":\"Administration Panel\",\"email\":\"no-reply@strapi.io\"},\"response_email\":\"\",\"object\":\"Account confirmation\",\"message\":\"<p>Thank you for registering!</p>\\n\\n<p>You have to confirm your email address. Please click on the link below.</p>\\n\\n<p><%= URL %>?confirmation=<%= CODE %></p>\\n\\n<p>Thanks.</p>\"}}}','object',NULL,NULL),(20,'plugin_users-permissions_advanced','{\"unique_email\":true,\"allow_register\":true,\"email_confirmation\":false,\"email_reset_password\":null,\"email_confirmation_redirection\":null,\"default_role\":\"authenticated\"}','object',NULL,NULL),(21,'plugin_i18n_default_locale','\"en\"','string',NULL,NULL),(22,'core_admin_auth','{\"providers\":{\"autoRegister\":false,\"defaultRole\":null}}','object',NULL,NULL),(23,'plugin_content_manager_configuration_content_types::api::category.category','{\"uid\":\"api::category.category\",\"settings\":{\"bulkable\":true,\"filterable\":true,\"searchable\":true,\"pageSize\":10,\"mainField\":\"categoryName\",\"defaultSortBy\":\"categoryName\",\"defaultSortOrder\":\"ASC\"},\"metadatas\":{\"id\":{\"edit\":{},\"list\":{\"label\":\"id\",\"searchable\":true,\"sortable\":true}},\"categoryName\":{\"edit\":{\"label\":\"categoryName\",\"description\":\"\",\"placeholder\":\"\",\"visible\":true,\"editable\":true},\"list\":{\"label\":\"categoryName\",\"searchable\":true,\"sortable\":true}},\"description\":{\"edit\":{\"label\":\"description\",\"description\":\"\",\"placeholder\":\"\",\"visible\":true,\"editable\":true},\"list\":{\"label\":\"description\",\"searchable\":true,\"sortable\":true}},\"createdAt\":{\"edit\":{\"label\":\"createdAt\",\"description\":\"\",\"placeholder\":\"\",\"visible\":false,\"editable\":true},\"list\":{\"label\":\"createdAt\",\"searchable\":true,\"sortable\":true}},\"updatedAt\":{\"edit\":{\"label\":\"updatedAt\",\"description\":\"\",\"placeholder\":\"\",\"visible\":false,\"editable\":true},\"list\":{\"label\":\"updatedAt\",\"searchable\":true,\"sortable\":true}}},\"layouts\":{\"list\":[\"id\",\"categoryName\",\"description\",\"createdAt\"],\"edit\":[[{\"name\":\"categoryName\",\"size\":6},{\"name\":\"description\",\"size\":6}]]}}','object',NULL,NULL),(24,'plugin_content_manager_configuration_content_types::api::product.product','{\"uid\":\"api::product.product\",\"settings\":{\"bulkable\":true,\"filterable\":true,\"searchable\":true,\"pageSize\":10,\"mainField\":\"productName\",\"defaultSortBy\":\"productName\",\"defaultSortOrder\":\"ASC\"},\"metadatas\":{\"id\":{\"edit\":{},\"list\":{\"label\":\"id\",\"searchable\":true,\"sortable\":true}},\"productName\":{\"edit\":{\"label\":\"productName\",\"description\":\"\",\"placeholder\":\"\",\"visible\":true,\"editable\":true},\"list\":{\"label\":\"productName\",\"searchable\":true,\"sortable\":true}},\"description\":{\"edit\":{\"label\":\"description\",\"description\":\"\",\"placeholder\":\"\",\"visible\":true,\"editable\":true},\"list\":{\"label\":\"description\",\"searchable\":true,\"sortable\":true}},\"detail\":{\"edit\":{\"label\":\"detail\",\"description\":\"\",\"placeholder\":\"\",\"visible\":true,\"editable\":true},\"list\":{\"label\":\"detail\",\"searchable\":true,\"sortable\":true}},\"price\":{\"edit\":{\"label\":\"price\",\"description\":\"\",\"placeholder\":\"\",\"visible\":true,\"editable\":true},\"list\":{\"label\":\"price\",\"searchable\":true,\"sortable\":true}},\"image\":{\"edit\":{\"label\":\"image\",\"description\":\"\",\"placeholder\":\"\",\"visible\":true,\"editable\":true},\"list\":{\"label\":\"image\",\"searchable\":false,\"sortable\":false}},\"category\":{\"edit\":{\"label\":\"category\",\"description\":\"\",\"placeholder\":\"\",\"visible\":true,\"editable\":true,\"mainField\":\"categoryName\"},\"list\":{\"label\":\"category\",\"searchable\":true,\"sortable\":true}},\"createdAt\":{\"edit\":{\"label\":\"createdAt\",\"description\":\"\",\"placeholder\":\"\",\"visible\":false,\"editable\":true},\"list\":{\"label\":\"createdAt\",\"searchable\":true,\"sortable\":true}},\"updatedAt\":{\"edit\":{\"label\":\"updatedAt\",\"description\":\"\",\"placeholder\":\"\",\"visible\":false,\"editable\":true},\"list\":{\"label\":\"updatedAt\",\"searchable\":true,\"sortable\":true}}},\"layouts\":{\"list\":[\"id\",\"productName\",\"description\",\"detail\"],\"edit\":[[{\"name\":\"productName\",\"size\":6},{\"name\":\"description\",\"size\":6}],[{\"name\":\"detail\",\"size\":6},{\"name\":\"price\",\"size\":4}],[{\"name\":\"image\",\"size\":6},{\"name\":\"category\",\"size\":6}]]}}','object',NULL,NULL),(25,'plugin_documentation_config','{\"restrictedAccess\":true,\"password\":\"$2a$10$gM0Cq54B2btMxamwlAhA7.19wvugaz5bd430gw4dSx.RFOTc09.Oe\"}','object',NULL,NULL),(26,'plugin_content_manager_configuration_content_types::api::news-feed.news-feed','{\"uid\":\"api::news-feed.news-feed\",\"settings\":{\"bulkable\":true,\"filterable\":true,\"searchable\":true,\"pageSize\":10,\"mainField\":\"newsname\",\"defaultSortBy\":\"newsname\",\"defaultSortOrder\":\"ASC\"},\"metadatas\":{\"id\":{\"edit\":{},\"list\":{\"label\":\"id\",\"searchable\":true,\"sortable\":true}},\"newsname\":{\"edit\":{\"label\":\"newsname\",\"description\":\"\",\"placeholder\":\"\",\"visible\":true,\"editable\":true},\"list\":{\"label\":\"newsname\",\"searchable\":true,\"sortable\":true}},\"details\":{\"edit\":{\"label\":\"details\",\"description\":\"\",\"placeholder\":\"\",\"visible\":true,\"editable\":true},\"list\":{\"label\":\"details\",\"searchable\":true,\"sortable\":true}},\"createdAt\":{\"edit\":{\"label\":\"createdAt\",\"description\":\"\",\"placeholder\":\"\",\"visible\":false,\"editable\":true},\"list\":{\"label\":\"createdAt\",\"searchable\":true,\"sortable\":true}},\"updatedAt\":{\"edit\":{\"label\":\"updatedAt\",\"description\":\"\",\"placeholder\":\"\",\"visible\":false,\"editable\":true},\"list\":{\"label\":\"updatedAt\",\"searchable\":true,\"sortable\":true}}},\"layouts\":{\"list\":[\"id\",\"newsname\",\"details\",\"createdAt\"],\"edit\":[[{\"name\":\"newsname\",\"size\":6},{\"name\":\"details\",\"size\":6}]]}}','object',NULL,NULL);
/*!40000 ALTER TABLE `strapi_core_store_settings` ENABLE KEYS */;
UNLOCK TABLES;

--
-- Table structure for table `strapi_database_schema`
--

DROP TABLE IF EXISTS `strapi_database_schema`;
/*!40101 SET @saved_cs_client     = @@character_set_client */;
/*!50503 SET character_set_client = utf8mb4 */;
CREATE TABLE `strapi_database_schema` (
  `id` int unsigned NOT NULL AUTO_INCREMENT,
  `schema` json DEFAULT NULL,
  `time` datetime DEFAULT NULL,
  `hash` varchar(255) DEFAULT NULL,
  PRIMARY KEY (`id`)
) ENGINE=InnoDB AUTO_INCREMENT=7 DEFAULT CHARSET=utf8mb4 COLLATE=utf8mb4_0900_ai_ci;
/*!40101 SET character_set_client = @saved_cs_client */;

--
-- Dumping data for table `strapi_database_schema`
--

LOCK TABLES `strapi_database_schema` WRITE;
/*!40000 ALTER TABLE `strapi_database_schema` DISABLE KEYS */;
INSERT INTO `strapi_database_schema` VALUES (6,'{\"tables\": [{\"name\": \"strapi_core_store_settings\", \"columns\": [{\"args\": [{\"primary\": true, \"primaryKey\": true}], \"name\": \"id\", \"type\": \"increments\", \"unsigned\": false, \"defaultTo\": null, \"notNullable\": true}, {\"args\": [], \"name\": \"key\", \"type\": \"string\", \"unsigned\": false, \"defaultTo\": null, \"notNullable\": false}, {\"args\": [\"longtext\"], \"name\": \"value\", \"type\": \"text\", \"unsigned\": false, \"defaultTo\": null, \"notNullable\": false}, {\"args\": [], \"name\": \"type\", \"type\": \"string\", \"unsigned\": false, \"defaultTo\": null, \"notNullable\": false}, {\"args\": [], \"name\": \"environment\", \"type\": \"string\", \"unsigned\": false, \"defaultTo\": null, \"notNullable\": false}, {\"args\": [], \"name\": \"tag\", \"type\": \"string\", \"unsigned\": false, \"defaultTo\": null, \"notNullable\": false}], \"indexes\": [], \"foreignKeys\": []}, {\"name\": \"strapi_webhooks\", \"columns\": [{\"args\": [{\"primary\": true, \"primaryKey\": true}], \"name\": \"id\", \"type\": \"increments\", \"unsigned\": false, \"defaultTo\": null, \"notNullable\": true}, {\"args\": [], \"name\": \"name\", \"type\": \"string\", \"unsigned\": false, \"defaultTo\": null, \"notNullable\": false}, {\"args\": [\"longtext\"], \"name\": \"url\", \"type\": \"text\", \"unsigned\": false, \"defaultTo\": null, \"notNullable\": false}, {\"args\": [], \"name\": \"headers\", \"type\": \"jsonb\", \"unsigned\": false, \"defaultTo\": null, \"notNullable\": false}, {\"args\": [], \"name\": \"events\", \"type\": \"jsonb\", \"unsigned\": false, \"defaultTo\": null, \"notNullable\": false}, {\"args\": [], \"name\": \"enabled\", \"type\": \"boolean\", \"unsigned\": false, \"defaultTo\": null, \"notNullable\": false}], \"indexes\": [], \"foreignKeys\": []}, {\"name\": \"admin_permissions\", \"columns\": [{\"args\": [{\"primary\": true, \"primaryKey\": true}], \"name\": \"id\", \"type\": \"increments\", \"unsigned\": false, \"defaultTo\": null, \"notNullable\": true}, {\"args\": [], \"name\": \"action\", \"type\": \"string\", \"unsigned\": false, \"defaultTo\": null, \"notNullable\": false}, {\"args\": [], \"name\": \"subject\", \"type\": \"string\", \"unsigned\": false, \"defaultTo\": null, \"notNullable\": false}, {\"args\": [], \"name\": \"properties\", \"type\": \"jsonb\", \"unsigned\": false, \"defaultTo\": null, \"notNullable\": false}, {\"args\": [], \"name\": \"conditions\", \"type\": \"jsonb\", \"unsigned\": false, \"defaultTo\": null, \"notNullable\": false}, {\"args\": [{\"useTz\": false, \"precision\": 6}], \"name\": \"created_at\", \"type\": \"datetime\", \"unsigned\": false, \"defaultTo\": null, \"notNullable\": false}, {\"args\": [{\"useTz\": false, \"precision\": 6}], \"name\": \"updated_at\", \"type\": \"datetime\", \"unsigned\": false, \"defaultTo\": null, \"notNullable\": false}, {\"args\": [], \"name\": \"created_by_id\", \"type\": \"integer\", \"unsigned\": true, \"defaultTo\": null, \"notNullable\": false}, {\"args\": [], \"name\": \"updated_by_id\", \"type\": \"integer\", \"unsigned\": true, \"defaultTo\": null, \"notNullable\": false}], \"indexes\": [{\"name\": \"admin_permissions_created_by_id_fk\", \"columns\": [\"created_by_id\"]}, {\"name\": \"admin_permissions_updated_by_id_fk\", \"columns\": [\"updated_by_id\"]}], \"foreignKeys\": [{\"name\": \"admin_permissions_created_by_id_fk\", \"columns\": [\"created_by_id\"], \"onDelete\": \"SET NULL\", \"referencedTable\": \"admin_users\", \"referencedColumns\": [\"id\"]}, {\"name\": \"admin_permissions_updated_by_id_fk\", \"columns\": [\"updated_by_id\"], \"onDelete\": \"SET NULL\", \"referencedTable\": \"admin_users\", \"referencedColumns\": [\"id\"]}]}, {\"name\": \"admin_users\", \"columns\": [{\"args\": [{\"primary\": true, \"primaryKey\": true}], \"name\": \"id\", \"type\": \"increments\", \"unsigned\": false, \"defaultTo\": null, \"notNullable\": true}, {\"args\": [], \"name\": \"firstname\", \"type\": \"string\", \"unsigned\": false, \"defaultTo\": null, \"notNullable\": false}, {\"args\": [], \"name\": \"lastname\", \"type\": \"string\", \"unsigned\": false, \"defaultTo\": null, \"notNullable\": false}, {\"args\": [], \"name\": \"username\", \"type\": \"string\", \"unsigned\": false, \"defaultTo\": null, \"notNullable\": false}, {\"args\": [], \"name\": \"email\", \"type\": \"string\", \"unsigned\": false, \"defaultTo\": null, \"notNullable\": false}, {\"args\": [], \"name\": \"password\", \"type\": \"string\", \"unsigned\": false, \"defaultTo\": null, \"notNullable\": false}, {\"args\": [], \"name\": \"reset_password_token\", \"type\": \"string\", \"unsigned\": false, \"defaultTo\": null, \"notNullable\": false}, {\"args\": [], \"name\": \"registration_token\", \"type\": \"string\", \"unsigned\": false, \"defaultTo\": null, \"notNullable\": false}, {\"args\": [], \"name\": \"is_active\", \"type\": \"boolean\", \"unsigned\": false, \"defaultTo\": null, \"notNullable\": false}, {\"args\": [], \"name\": \"blocked\", \"type\": \"boolean\", \"unsigned\": false, \"defaultTo\": null, \"notNullable\": false}, {\"args\": [], \"name\": \"prefered_language\", \"type\": \"string\", \"unsigned\": false, \"defaultTo\": null, \"notNullable\": false}, {\"args\": [{\"useTz\": false, \"precision\": 6}], \"name\": \"created_at\", \"type\": \"datetime\", \"unsigned\": false, \"defaultTo\": null, \"notNullable\": false}, {\"args\": [{\"useTz\": false, \"precision\": 6}], \"name\": \"updated_at\", \"type\": \"datetime\", \"unsigned\": false, \"defaultTo\": null, \"notNullable\": false}, {\"args\": [], \"name\": \"created_by_id\", \"type\": \"integer\", \"unsigned\": true, \"defaultTo\": null, \"notNullable\": false}, {\"args\": [], \"name\": \"updated_by_id\", \"type\": \"integer\", \"unsigned\": true, \"defaultTo\": null, \"notNullable\": false}], \"indexes\": [{\"name\": \"admin_users_created_by_id_fk\", \"columns\": [\"created_by_id\"]}, {\"name\": \"admin_users_updated_by_id_fk\", \"columns\": [\"updated_by_id\"]}], \"foreignKeys\": [{\"name\": \"admin_users_created_by_id_fk\", \"columns\": [\"created_by_id\"], \"onDelete\": \"SET NULL\", \"referencedTable\": \"admin_users\", \"referencedColumns\": [\"id\"]}, {\"name\": \"admin_users_updated_by_id_fk\", \"columns\": [\"updated_by_id\"], \"onDelete\": \"SET NULL\", \"referencedTable\": \"admin_users\", \"referencedColumns\": [\"id\"]}]}, {\"name\": \"admin_roles\", \"columns\": [{\"args\": [{\"primary\": true, \"primaryKey\": true}], \"name\": \"id\", \"type\": \"increments\", \"unsigned\": false, \"defaultTo\": null, \"notNullable\": true}, {\"args\": [], \"name\": \"name\", \"type\": \"string\", \"unsigned\": false, \"defaultTo\": null, \"notNullable\": false}, {\"args\": [], \"name\": \"code\", \"type\": \"string\", \"unsigned\": false, \"defaultTo\": null, \"notNullable\": false}, {\"args\": [], \"name\": \"description\", \"type\": \"string\", \"unsigned\": false, \"defaultTo\": null, \"notNullable\": false}, {\"args\": [{\"useTz\": false, \"precision\": 6}], \"name\": \"created_at\", \"type\": \"datetime\", \"unsigned\": false, \"defaultTo\": null, \"notNullable\": false}, {\"args\": [{\"useTz\": false, \"precision\": 6}], \"name\": \"updated_at\", \"type\": \"datetime\", \"unsigned\": false, \"defaultTo\": null, \"notNullable\": false}, {\"args\": [], \"name\": \"created_by_id\", \"type\": \"integer\", \"unsigned\": true, \"defaultTo\": null, \"notNullable\": false}, {\"args\": [], \"name\": \"updated_by_id\", \"type\": \"integer\", \"unsigned\": true, \"defaultTo\": null, \"notNullable\": false}], \"indexes\": [{\"name\": \"admin_roles_created_by_id_fk\", \"columns\": [\"created_by_id\"]}, {\"name\": \"admin_roles_updated_by_id_fk\", \"columns\": [\"updated_by_id\"]}], \"foreignKeys\": [{\"name\": \"admin_roles_created_by_id_fk\", \"columns\": [\"created_by_id\"], \"onDelete\": \"SET NULL\", \"referencedTable\": \"admin_users\", \"referencedColumns\": [\"id\"]}, {\"name\": \"admin_roles_updated_by_id_fk\", \"columns\": [\"updated_by_id\"], \"onDelete\": \"SET NULL\", \"referencedTable\": \"admin_users\", \"referencedColumns\": [\"id\"]}]}, {\"name\": \"strapi_api_tokens\", \"columns\": [{\"args\": [{\"primary\": true, \"primaryKey\": true}], \"name\": \"id\", \"type\": \"increments\", \"unsigned\": false, \"defaultTo\": null, \"notNullable\": true}, {\"args\": [], \"name\": \"name\", \"type\": \"string\", \"unsigned\": false, \"defaultTo\": null, \"notNullable\": false}, {\"args\": [], \"name\": \"description\", \"type\": \"string\", \"unsigned\": false, \"defaultTo\": null, \"notNullable\": false}, {\"args\": [], \"name\": \"type\", \"type\": \"string\", \"unsigned\": false, \"defaultTo\": null, \"notNullable\": false}, {\"args\": [], \"name\": \"access_key\", \"type\": \"string\", \"unsigned\": false, \"defaultTo\": null, \"notNullable\": false}, {\"args\": [{\"useTz\": false, \"precision\": 6}], \"name\": \"last_used_at\", \"type\": \"datetime\", \"unsigned\": false, \"defaultTo\": null, \"notNullable\": false}, {\"args\": [{\"useTz\": false, \"precision\": 6}], \"name\": \"expires_at\", \"type\": \"datetime\", \"unsigned\": false, \"defaultTo\": null, \"notNullable\": false}, {\"args\": [], \"name\": \"lifespan\", \"type\": \"bigInteger\", \"unsigned\": false, \"defaultTo\": null, \"notNullable\": false}, {\"args\": [{\"useTz\": false, \"precision\": 6}], \"name\": \"created_at\", \"type\": \"datetime\", \"unsigned\": false, \"defaultTo\": null, \"notNullable\": false}, {\"args\": [{\"useTz\": false, \"precision\": 6}], \"name\": \"updated_at\", \"type\": \"datetime\", \"unsigned\": false, \"defaultTo\": null, \"notNullable\": false}, {\"args\": [], \"name\": \"created_by_id\", \"type\": \"integer\", \"unsigned\": true, \"defaultTo\": null, \"notNullable\": false}, {\"args\": [], \"name\": \"updated_by_id\", \"type\": \"integer\", \"unsigned\": true, \"defaultTo\": null, \"notNullable\": false}], \"indexes\": [{\"name\": \"strapi_api_tokens_created_by_id_fk\", \"columns\": [\"created_by_id\"]}, {\"name\": \"strapi_api_tokens_updated_by_id_fk\", \"columns\": [\"updated_by_id\"]}], \"foreignKeys\": [{\"name\": \"strapi_api_tokens_created_by_id_fk\", \"columns\": [\"created_by_id\"], \"onDelete\": \"SET NULL\", \"referencedTable\": \"admin_users\", \"referencedColumns\": [\"id\"]}, {\"name\": \"strapi_api_tokens_updated_by_id_fk\", \"columns\": [\"updated_by_id\"], \"onDelete\": \"SET NULL\", \"referencedTable\": \"admin_users\", \"referencedColumns\": [\"id\"]}]}, {\"name\": \"strapi_api_token_permissions\", \"columns\": [{\"args\": [{\"primary\": true, \"primaryKey\": true}], \"name\": \"id\", \"type\": \"increments\", \"unsigned\": false, \"defaultTo\": null, \"notNullable\": true}, {\"args\": [], \"name\": \"action\", \"type\": \"string\", \"unsigned\": false, \"defaultTo\": null, \"notNullable\": false}, {\"args\": [{\"useTz\": false, \"precision\": 6}], \"name\": \"created_at\", \"type\": \"datetime\", \"unsigned\": false, \"defaultTo\": null, \"notNullable\": false}, {\"args\": [{\"useTz\": false, \"precision\": 6}], \"name\": \"updated_at\", \"type\": \"datetime\", \"unsigned\": false, \"defaultTo\": null, \"notNullable\": false}, {\"args\": [], \"name\": \"created_by_id\", \"type\": \"integer\", \"unsigned\": true, \"defaultTo\": null, \"notNullable\": false}, {\"args\": [], \"name\": \"updated_by_id\", \"type\": \"integer\", \"unsigned\": true, \"defaultTo\": null, \"notNullable\": false}], \"indexes\": [{\"name\": \"strapi_api_token_permissions_created_by_id_fk\", \"columns\": [\"created_by_id\"]}, {\"name\": \"strapi_api_token_permissions_updated_by_id_fk\", \"columns\": [\"updated_by_id\"]}], \"foreignKeys\": [{\"name\": \"strapi_api_token_permissions_created_by_id_fk\", \"columns\": [\"created_by_id\"], \"onDelete\": \"SET NULL\", \"referencedTable\": \"admin_users\", \"referencedColumns\": [\"id\"]}, {\"name\": \"strapi_api_token_permissions_updated_by_id_fk\", \"columns\": [\"updated_by_id\"], \"onDelete\": \"SET NULL\", \"referencedTable\": \"admin_users\", \"referencedColumns\": [\"id\"]}]}, {\"name\": \"strapi_transfer_tokens\", \"columns\": [{\"args\": [{\"primary\": true, \"primaryKey\": true}], \"name\": \"id\", \"type\": \"increments\", \"unsigned\": false, \"defaultTo\": null, \"notNullable\": true}, {\"args\": [], \"name\": \"name\", \"type\": \"string\", \"unsigned\": false, \"defaultTo\": null, \"notNullable\": false}, {\"args\": [], \"name\": \"description\", \"type\": \"string\", \"unsigned\": false, \"defaultTo\": null, \"notNullable\": false}, {\"args\": [], \"name\": \"access_key\", \"type\": \"string\", \"unsigned\": false, \"defaultTo\": null, \"notNullable\": false}, {\"args\": [{\"useTz\": false, \"precision\": 6}], \"name\": \"last_used_at\", \"type\": \"datetime\", \"unsigned\": false, \"defaultTo\": null, \"notNullable\": false}, {\"args\": [{\"useTz\": false, \"precision\": 6}], \"name\": \"expires_at\", \"type\": \"datetime\", \"unsigned\": false, \"defaultTo\": null, \"notNullable\": false}, {\"args\": [], \"name\": \"lifespan\", \"type\": \"bigInteger\", \"unsigned\": false, \"defaultTo\": null, \"notNullable\": false}, {\"args\": [{\"useTz\": false, \"precision\": 6}], \"name\": \"created_at\", \"type\": \"datetime\", \"unsigned\": false, \"defaultTo\": null, \"notNullable\": false}, {\"args\": [{\"useTz\": false, \"precision\": 6}], \"name\": \"updated_at\", \"type\": \"datetime\", \"unsigned\": false, \"defaultTo\": null, \"notNullable\": false}, {\"args\": [], \"name\": \"created_by_id\", \"type\": \"integer\", \"unsigned\": true, \"defaultTo\": null, \"notNullable\": false}, {\"args\": [], \"name\": \"updated_by_id\", \"type\": \"integer\", \"unsigned\": true, \"defaultTo\": null, \"notNullable\": false}], \"indexes\": [{\"name\": \"strapi_transfer_tokens_created_by_id_fk\", \"columns\": [\"created_by_id\"]}, {\"name\": \"strapi_transfer_tokens_updated_by_id_fk\", \"columns\": [\"updated_by_id\"]}], \"foreignKeys\": [{\"name\": \"strapi_transfer_tokens_created_by_id_fk\", \"columns\": [\"created_by_id\"], \"onDelete\": \"SET NULL\", \"referencedTable\": \"admin_users\", \"referencedColumns\": [\"id\"]}, {\"name\": \"strapi_transfer_tokens_updated_by_id_fk\", \"columns\": [\"updated_by_id\"], \"onDelete\": \"SET NULL\", \"referencedTable\": \"admin_users\", \"referencedColumns\": [\"id\"]}]}, {\"name\": \"strapi_transfer_token_permissions\", \"columns\": [{\"args\": [{\"primary\": true, \"primaryKey\": true}], \"name\": \"id\", \"type\": \"increments\", \"unsigned\": false, \"defaultTo\": null, \"notNullable\": true}, {\"args\": [], \"name\": \"action\", \"type\": \"string\", \"unsigned\": false, \"defaultTo\": null, \"notNullable\": false}, {\"args\": [{\"useTz\": false, \"precision\": 6}], \"name\": \"created_at\", \"type\": \"datetime\", \"unsigned\": false, \"defaultTo\": null, \"notNullable\": false}, {\"args\": [{\"useTz\": false, \"precision\": 6}], \"name\": \"updated_at\", \"type\": \"datetime\", \"unsigned\": false, \"defaultTo\": null, \"notNullable\": false}, {\"args\": [], \"name\": \"created_by_id\", \"type\": \"integer\", \"unsigned\": true, \"defaultTo\": null, \"notNullable\": false}, {\"args\": [], \"name\": \"updated_by_id\", \"type\": \"integer\", \"unsigned\": true, \"defaultTo\": null, \"notNullable\": false}], \"indexes\": [{\"name\": \"strapi_transfer_token_permissions_created_by_id_fk\", \"columns\": [\"created_by_id\"]}, {\"name\": \"strapi_transfer_token_permissions_updated_by_id_fk\", \"columns\": [\"updated_by_id\"]}], \"foreignKeys\": [{\"name\": \"strapi_transfer_token_permissions_created_by_id_fk\", \"columns\": [\"created_by_id\"], \"onDelete\": \"SET NULL\", \"referencedTable\": \"admin_users\", \"referencedColumns\": [\"id\"]}, {\"name\": \"strapi_transfer_token_permissions_updated_by_id_fk\", \"columns\": [\"updated_by_id\"], \"onDelete\": \"SET NULL\", \"referencedTable\": \"admin_users\", \"referencedColumns\": [\"id\"]}]}, {\"name\": \"categories\", \"columns\": [{\"args\": [{\"primary\": true, \"primaryKey\": true}], \"name\": \"id\", \"type\": \"increments\", \"unsigned\": false, \"defaultTo\": null, \"notNullable\": true}, {\"args\": [], \"name\": \"category_name\", \"type\": \"string\", \"unsigned\": false, \"defaultTo\": null, \"notNullable\": false}, {\"args\": [], \"name\": \"description\", \"type\": \"string\", \"unsigned\": false, \"defaultTo\": null, \"notNullable\": false}, {\"args\": [{\"useTz\": false, \"precision\": 6}], \"name\": \"created_at\", \"type\": \"datetime\", \"unsigned\": false, \"defaultTo\": null, \"notNullable\": false}, {\"args\": [{\"useTz\": false, \"precision\": 6}], \"name\": \"updated_at\", \"type\": \"datetime\", \"unsigned\": false, \"defaultTo\": null, \"notNullable\": false}, {\"args\": [], \"name\": \"created_by_id\", \"type\": \"integer\", \"unsigned\": true, \"defaultTo\": null, \"notNullable\": false}, {\"args\": [], \"name\": \"updated_by_id\", \"type\": \"integer\", \"unsigned\": true, \"defaultTo\": null, \"notNullable\": false}], \"indexes\": [{\"name\": \"categories_created_by_id_fk\", \"columns\": [\"created_by_id\"]}, {\"name\": \"categories_updated_by_id_fk\", \"columns\": [\"updated_by_id\"]}], \"foreignKeys\": [{\"name\": \"categories_created_by_id_fk\", \"columns\": [\"created_by_id\"], \"onDelete\": \"SET NULL\", \"referencedTable\": \"admin_users\", \"referencedColumns\": [\"id\"]}, {\"name\": \"categories_updated_by_id_fk\", \"columns\": [\"updated_by_id\"], \"onDelete\": \"SET NULL\", \"referencedTable\": \"admin_users\", \"referencedColumns\": [\"id\"]}]}, {\"name\": \"news_feeds\", \"columns\": [{\"args\": [{\"primary\": true, \"primaryKey\": true}], \"name\": \"id\", \"type\": \"increments\", \"unsigned\": false, \"defaultTo\": null, \"notNullable\": true}, {\"args\": [], \"name\": \"newsname\", \"type\": \"string\", \"unsigned\": false, \"defaultTo\": null, \"notNullable\": false}, {\"args\": [\"longtext\"], \"name\": \"details\", \"type\": \"text\", \"unsigned\": false, \"defaultTo\": null, \"notNullable\": false}, {\"args\": [{\"useTz\": false, \"precision\": 6}], \"name\": \"created_at\", \"type\": \"datetime\", \"unsigned\": false, \"defaultTo\": null, \"notNullable\": false}, {\"args\": [{\"useTz\": false, \"precision\": 6}], \"name\": \"updated_at\", \"type\": \"datetime\", \"unsigned\": false, \"defaultTo\": null, \"notNullable\": false}, {\"args\": [{\"useTz\": false, \"precision\": 6}], \"name\": \"published_at\", \"type\": \"datetime\", \"unsigned\": false, \"defaultTo\": null, \"notNullable\": false}, {\"args\": [], \"name\": \"created_by_id\", \"type\": \"integer\", \"unsigned\": true, \"defaultTo\": null, \"notNullable\": false}, {\"args\": [], \"name\": \"updated_by_id\", \"type\": \"integer\", \"unsigned\": true, \"defaultTo\": null, \"notNullable\": false}], \"indexes\": [{\"name\": \"news_feeds_created_by_id_fk\", \"columns\": [\"created_by_id\"]}, {\"name\": \"news_feeds_updated_by_id_fk\", \"columns\": [\"updated_by_id\"]}], \"foreignKeys\": [{\"name\": \"news_feeds_created_by_id_fk\", \"columns\": [\"created_by_id\"], \"onDelete\": \"SET NULL\", \"referencedTable\": \"admin_users\", \"referencedColumns\": [\"id\"]}, {\"name\": \"news_feeds_updated_by_id_fk\", \"columns\": [\"updated_by_id\"], \"onDelete\": \"SET NULL\", \"referencedTable\": \"admin_users\", \"referencedColumns\": [\"id\"]}]}, {\"name\": \"products\", \"columns\": [{\"args\": [{\"primary\": true, \"primaryKey\": true}], \"name\": \"id\", \"type\": \"increments\", \"unsigned\": false, \"defaultTo\": null, \"notNullable\": true}, {\"args\": [], \"name\": \"product_name\", \"type\": \"string\", \"unsigned\": false, \"defaultTo\": null, \"notNullable\": false}, {\"args\": [], \"name\": \"description\", \"type\": \"string\", \"unsigned\": false, \"defaultTo\": null, \"notNullable\": false}, {\"args\": [\"longtext\"], \"name\": \"detail\", \"type\": \"text\", \"unsigned\": false, \"defaultTo\": null, \"notNullable\": false}, {\"args\": [], \"name\": \"price\", \"type\": \"bigInteger\", \"unsigned\": false, \"defaultTo\": null, \"notNullable\": false}, {\"args\": [{\"useTz\": false, \"precision\": 6}], \"name\": \"created_at\", \"type\": \"datetime\", \"unsigned\": false, \"defaultTo\": null, \"notNullable\": false}, {\"args\": [{\"useTz\": false, \"precision\": 6}], \"name\": \"updated_at\", \"type\": \"datetime\", \"unsigned\": false, \"defaultTo\": null, \"notNullable\": false}, {\"args\": [{\"useTz\": false, \"precision\": 6}], \"name\": \"published_at\", \"type\": \"datetime\", \"unsigned\": false, \"defaultTo\": null, \"notNullable\": false}, {\"args\": [], \"name\": \"created_by_id\", \"type\": \"integer\", \"unsigned\": true, \"defaultTo\": null, \"notNullable\": false}, {\"args\": [], \"name\": \"updated_by_id\", \"type\": \"integer\", \"unsigned\": true, \"defaultTo\": null, \"notNullable\": false}], \"indexes\": [{\"name\": \"products_created_by_id_fk\", \"columns\": [\"created_by_id\"]}, {\"name\": \"products_updated_by_id_fk\", \"columns\": [\"updated_by_id\"]}], \"foreignKeys\": [{\"name\": \"products_created_by_id_fk\", \"columns\": [\"created_by_id\"], \"onDelete\": \"SET NULL\", \"referencedTable\": \"admin_users\", \"referencedColumns\": [\"id\"]}, {\"name\": \"products_updated_by_id_fk\", \"columns\": [\"updated_by_id\"], \"onDelete\": \"SET NULL\", \"referencedTable\": \"admin_users\", \"referencedColumns\": [\"id\"]}]}, {\"name\": \"files\", \"columns\": [{\"args\": [{\"primary\": true, \"primaryKey\": true}], \"name\": \"id\", \"type\": \"increments\", \"unsigned\": false, \"defaultTo\": null, \"notNullable\": true}, {\"args\": [], \"name\": \"name\", \"type\": \"string\", \"unsigned\": false, \"defaultTo\": null, \"notNullable\": false}, {\"args\": [], \"name\": \"alternative_text\", \"type\": \"string\", \"unsigned\": false, \"defaultTo\": null, \"notNullable\": false}, {\"args\": [], \"name\": \"caption\", \"type\": \"string\", \"unsigned\": false, \"defaultTo\": null, \"notNullable\": false}, {\"args\": [], \"name\": \"width\", \"type\": \"integer\", \"unsigned\": false, \"defaultTo\": null, \"notNullable\": false}, {\"args\": [], \"name\": \"height\", \"type\": \"integer\", \"unsigned\": false, \"defaultTo\": null, \"notNullable\": false}, {\"args\": [], \"name\": \"formats\", \"type\": \"jsonb\", \"unsigned\": false, \"defaultTo\": null, \"notNullable\": false}, {\"args\": [], \"name\": \"hash\", \"type\": \"string\", \"unsigned\": false, \"defaultTo\": null, \"notNullable\": false}, {\"args\": [], \"name\": \"ext\", \"type\": \"string\", \"unsigned\": false, \"defaultTo\": null, \"notNullable\": false}, {\"args\": [], \"name\": \"mime\", \"type\": \"string\", \"unsigned\": false, \"defaultTo\": null, \"notNullable\": false}, {\"args\": [10, 2], \"name\": \"size\", \"type\": \"decimal\", \"unsigned\": false, \"defaultTo\": null, \"notNullable\": false}, {\"args\": [], \"name\": \"url\", \"type\": \"string\", \"unsigned\": false, \"defaultTo\": null, \"notNullable\": false}, {\"args\": [], \"name\": \"preview_url\", \"type\": \"string\", \"unsigned\": false, \"defaultTo\": null, \"notNullable\": false}, {\"args\": [], \"name\": \"provider\", \"type\": \"string\", \"unsigned\": false, \"defaultTo\": null, \"notNullable\": false}, {\"args\": [], \"name\": \"provider_metadata\", \"type\": \"jsonb\", \"unsigned\": false, \"defaultTo\": null, \"notNullable\": false}, {\"args\": [], \"name\": \"folder_path\", \"type\": \"string\", \"unsigned\": false, \"defaultTo\": null, \"notNullable\": false}, {\"args\": [{\"useTz\": false, \"precision\": 6}], \"name\": \"created_at\", \"type\": \"datetime\", \"unsigned\": false, \"defaultTo\": null, \"notNullable\": false}, {\"args\": [{\"useTz\": false, \"precision\": 6}], \"name\": \"updated_at\", \"type\": \"datetime\", \"unsigned\": false, \"defaultTo\": null, \"notNullable\": false}, {\"args\": [], \"name\": \"created_by_id\", \"type\": \"integer\", \"unsigned\": true, \"defaultTo\": null, \"notNullable\": false}, {\"args\": [], \"name\": \"updated_by_id\", \"type\": \"integer\", \"unsigned\": true, \"defaultTo\": null, \"notNullable\": false}], \"indexes\": [{\"name\": \"upload_files_folder_path_index\", \"type\": null, \"columns\": [\"folder_path\"]}, {\"name\": \"upload_files_created_at_index\", \"type\": null, \"columns\": [\"created_at\"]}, {\"name\": \"upload_files_updated_at_index\", \"type\": null, \"columns\": [\"updated_at\"]}, {\"name\": \"upload_files_name_index\", \"type\": null, \"columns\": [\"name\"]}, {\"name\": \"upload_files_size_index\", \"type\": null, \"columns\": [\"size\"]}, {\"name\": \"upload_files_ext_index\", \"type\": null, \"columns\": [\"ext\"]}, {\"name\": \"files_created_by_id_fk\", \"columns\": [\"created_by_id\"]}, {\"name\": \"files_updated_by_id_fk\", \"columns\": [\"updated_by_id\"]}], \"foreignKeys\": [{\"name\": \"files_created_by_id_fk\", \"columns\": [\"created_by_id\"], \"onDelete\": \"SET NULL\", \"referencedTable\": \"admin_users\", \"referencedColumns\": [\"id\"]}, {\"name\": \"files_updated_by_id_fk\", \"columns\": [\"updated_by_id\"], \"onDelete\": \"SET NULL\", \"referencedTable\": \"admin_users\", \"referencedColumns\": [\"id\"]}]}, {\"name\": \"upload_folders\", \"columns\": [{\"args\": [{\"primary\": true, \"primaryKey\": true}], \"name\": \"id\", \"type\": \"increments\", \"unsigned\": false, \"defaultTo\": null, \"notNullable\": true}, {\"args\": [], \"name\": \"name\", \"type\": \"string\", \"unsigned\": false, \"defaultTo\": null, \"notNullable\": false}, {\"args\": [], \"name\": \"path_id\", \"type\": \"integer\", \"unsigned\": false, \"defaultTo\": null, \"notNullable\": false}, {\"args\": [], \"name\": \"path\", \"type\": \"string\", \"unsigned\": false, \"defaultTo\": null, \"notNullable\": false}, {\"args\": [{\"useTz\": false, \"precision\": 6}], \"name\": \"created_at\", \"type\": \"datetime\", \"unsigned\": false, \"defaultTo\": null, \"notNullable\": false}, {\"args\": [{\"useTz\": false, \"precision\": 6}], \"name\": \"updated_at\", \"type\": \"datetime\", \"unsigned\": false, \"defaultTo\": null, \"notNullable\": false}, {\"args\": [], \"name\": \"created_by_id\", \"type\": \"integer\", \"unsigned\": true, \"defaultTo\": null, \"notNullable\": false}, {\"args\": [], \"name\": \"updated_by_id\", \"type\": \"integer\", \"unsigned\": true, \"defaultTo\": null, \"notNullable\": false}], \"indexes\": [{\"name\": \"upload_folders_path_id_index\", \"type\": \"unique\", \"columns\": [\"path_id\"]}, {\"name\": \"upload_folders_path_index\", \"type\": \"unique\", \"columns\": [\"path\"]}, {\"name\": \"upload_folders_created_by_id_fk\", \"columns\": [\"created_by_id\"]}, {\"name\": \"upload_folders_updated_by_id_fk\", \"columns\": [\"updated_by_id\"]}], \"foreignKeys\": [{\"name\": \"upload_folders_created_by_id_fk\", \"columns\": [\"created_by_id\"], \"onDelete\": \"SET NULL\", \"referencedTable\": \"admin_users\", \"referencedColumns\": [\"id\"]}, {\"name\": \"upload_folders_updated_by_id_fk\", \"columns\": [\"updated_by_id\"], \"onDelete\": \"SET NULL\", \"referencedTable\": \"admin_users\", \"referencedColumns\": [\"id\"]}]}, {\"name\": \"i18n_locale\", \"columns\": [{\"args\": [{\"primary\": true, \"primaryKey\": true}], \"name\": \"id\", \"type\": \"increments\", \"unsigned\": false, \"defaultTo\": null, \"notNullable\": true}, {\"args\": [], \"name\": \"name\", \"type\": \"string\", \"unsigned\": false, \"defaultTo\": null, \"notNullable\": false}, {\"args\": [], \"name\": \"code\", \"type\": \"string\", \"unsigned\": false, \"defaultTo\": null, \"notNullable\": false}, {\"args\": [{\"useTz\": false, \"precision\": 6}], \"name\": \"created_at\", \"type\": \"datetime\", \"unsigned\": false, \"defaultTo\": null, \"notNullable\": false}, {\"args\": [{\"useTz\": false, \"precision\": 6}], \"name\": \"updated_at\", \"type\": \"datetime\", \"unsigned\": false, \"defaultTo\": null, \"notNullable\": false}, {\"args\": [], \"name\": \"created_by_id\", \"type\": \"integer\", \"unsigned\": true, \"defaultTo\": null, \"notNullable\": false}, {\"args\": [], \"name\": \"updated_by_id\", \"type\": \"integer\", \"unsigned\": true, \"defaultTo\": null, \"notNullable\": false}], \"indexes\": [{\"name\": \"i18n_locale_created_by_id_fk\", \"columns\": [\"created_by_id\"]}, {\"name\": \"i18n_locale_updated_by_id_fk\", \"columns\": [\"updated_by_id\"]}], \"foreignKeys\": [{\"name\": \"i18n_locale_created_by_id_fk\", \"columns\": [\"created_by_id\"], \"onDelete\": \"SET NULL\", \"referencedTable\": \"admin_users\", \"referencedColumns\": [\"id\"]}, {\"name\": \"i18n_locale_updated_by_id_fk\", \"columns\": [\"updated_by_id\"], \"onDelete\": \"SET NULL\", \"referencedTable\": \"admin_users\", \"referencedColumns\": [\"id\"]}]}, {\"name\": \"up_permissions\", \"columns\": [{\"args\": [{\"primary\": true, \"primaryKey\": true}], \"name\": \"id\", \"type\": \"increments\", \"unsigned\": false, \"defaultTo\": null, \"notNullable\": true}, {\"args\": [], \"name\": \"action\", \"type\": \"string\", \"unsigned\": false, \"defaultTo\": null, \"notNullable\": false}, {\"args\": [{\"useTz\": false, \"precision\": 6}], \"name\": \"created_at\", \"type\": \"datetime\", \"unsigned\": false, \"defaultTo\": null, \"notNullable\": false}, {\"args\": [{\"useTz\": false, \"precision\": 6}], \"name\": \"updated_at\", \"type\": \"datetime\", \"unsigned\": false, \"defaultTo\": null, \"notNullable\": false}, {\"args\": [], \"name\": \"created_by_id\", \"type\": \"integer\", \"unsigned\": true, \"defaultTo\": null, \"notNullable\": false}, {\"args\": [], \"name\": \"updated_by_id\", \"type\": \"integer\", \"unsigned\": true, \"defaultTo\": null, \"notNullable\": false}], \"indexes\": [{\"name\": \"up_permissions_created_by_id_fk\", \"columns\": [\"created_by_id\"]}, {\"name\": \"up_permissions_updated_by_id_fk\", \"columns\": [\"updated_by_id\"]}], \"foreignKeys\": [{\"name\": \"up_permissions_created_by_id_fk\", \"columns\": [\"created_by_id\"], \"onDelete\": \"SET NULL\", \"referencedTable\": \"admin_users\", \"referencedColumns\": [\"id\"]}, {\"name\": \"up_permissions_updated_by_id_fk\", \"columns\": [\"updated_by_id\"], \"onDelete\": \"SET NULL\", \"referencedTable\": \"admin_users\", \"referencedColumns\": [\"id\"]}]}, {\"name\": \"up_roles\", \"columns\": [{\"args\": [{\"primary\": true, \"primaryKey\": true}], \"name\": \"id\", \"type\": \"increments\", \"unsigned\": false, \"defaultTo\": null, \"notNullable\": true}, {\"args\": [], \"name\": \"name\", \"type\": \"string\", \"unsigned\": false, \"defaultTo\": null, \"notNullable\": false}, {\"args\": [], \"name\": \"description\", \"type\": \"string\", \"unsigned\": false, \"defaultTo\": null, \"notNullable\": false}, {\"args\": [], \"name\": \"type\", \"type\": \"string\", \"unsigned\": false, \"defaultTo\": null, \"notNullable\": false}, {\"args\": [{\"useTz\": false, \"precision\": 6}], \"name\": \"created_at\", \"type\": \"datetime\", \"unsigned\": false, \"defaultTo\": null, \"notNullable\": false}, {\"args\": [{\"useTz\": false, \"precision\": 6}], \"name\": \"updated_at\", \"type\": \"datetime\", \"unsigned\": false, \"defaultTo\": null, \"notNullable\": false}, {\"args\": [], \"name\": \"created_by_id\", \"type\": \"integer\", \"unsigned\": true, \"defaultTo\": null, \"notNullable\": false}, {\"args\": [], \"name\": \"updated_by_id\", \"type\": \"integer\", \"unsigned\": true, \"defaultTo\": null, \"notNullable\": false}], \"indexes\": [{\"name\": \"up_roles_created_by_id_fk\", \"columns\": [\"created_by_id\"]}, {\"name\": \"up_roles_updated_by_id_fk\", \"columns\": [\"updated_by_id\"]}], \"foreignKeys\": [{\"name\": \"up_roles_created_by_id_fk\", \"columns\": [\"created_by_id\"], \"onDelete\": \"SET NULL\", \"referencedTable\": \"admin_users\", \"referencedColumns\": [\"id\"]}, {\"name\": \"up_roles_updated_by_id_fk\", \"columns\": [\"updated_by_id\"], \"onDelete\": \"SET NULL\", \"referencedTable\": \"admin_users\", \"referencedColumns\": [\"id\"]}]}, {\"name\": \"up_users\", \"columns\": [{\"args\": [{\"primary\": true, \"primaryKey\": true}], \"name\": \"id\", \"type\": \"increments\", \"unsigned\": false, \"defaultTo\": null, \"notNullable\": true}, {\"args\": [], \"name\": \"username\", \"type\": \"string\", \"unsigned\": false, \"defaultTo\": null, \"notNullable\": false}, {\"args\": [], \"name\": \"email\", \"type\": \"string\", \"unsigned\": false, \"defaultTo\": null, \"notNullable\": false}, {\"args\": [], \"name\": \"provider\", \"type\": \"string\", \"unsigned\": false, \"defaultTo\": null, \"notNullable\": false}, {\"args\": [], \"name\": \"password\", \"type\": \"string\", \"unsigned\": false, \"defaultTo\": null, \"notNullable\": false}, {\"args\": [], \"name\": \"reset_password_token\", \"type\": \"string\", \"unsigned\": false, \"defaultTo\": null, \"notNullable\": false}, {\"args\": [], \"name\": \"confirmation_token\", \"type\": \"string\", \"unsigned\": false, \"defaultTo\": null, \"notNullable\": false}, {\"args\": [], \"name\": \"confirmed\", \"type\": \"boolean\", \"unsigned\": false, \"defaultTo\": null, \"notNullable\": false}, {\"args\": [], \"name\": \"blocked\", \"type\": \"boolean\", \"unsigned\": false, \"defaultTo\": null, \"notNullable\": false}, {\"args\": [{\"useTz\": false, \"precision\": 6}], \"name\": \"created_at\", \"type\": \"datetime\", \"unsigned\": false, \"defaultTo\": null, \"notNullable\": false}, {\"args\": [{\"useTz\": false, \"precision\": 6}], \"name\": \"updated_at\", \"type\": \"datetime\", \"unsigned\": false, \"defaultTo\": null, \"notNullable\": false}, {\"args\": [], \"name\": \"created_by_id\", \"type\": \"integer\", \"unsigned\": true, \"defaultTo\": null, \"notNullable\": false}, {\"args\": [], \"name\": \"updated_by_id\", \"type\": \"integer\", \"unsigned\": true, \"defaultTo\": null, \"notNullable\": false}], \"indexes\": [{\"name\": \"up_users_created_by_id_fk\", \"columns\": [\"created_by_id\"]}, {\"name\": \"up_users_updated_by_id_fk\", \"columns\": [\"updated_by_id\"]}], \"foreignKeys\": [{\"name\": \"up_users_created_by_id_fk\", \"columns\": [\"created_by_id\"], \"onDelete\": \"SET NULL\", \"referencedTable\": \"admin_users\", \"referencedColumns\": [\"id\"]}, {\"name\": \"up_users_updated_by_id_fk\", \"columns\": [\"updated_by_id\"], \"onDelete\": \"SET NULL\", \"referencedTable\": \"admin_users\", \"referencedColumns\": [\"id\"]}]}, {\"name\": \"admin_permissions_role_links\", \"columns\": [{\"args\": [{\"primary\": true, \"primaryKey\": true}], \"name\": \"id\", \"type\": \"increments\", \"unsigned\": false, \"defaultTo\": null, \"notNullable\": true}, {\"args\": [], \"name\": \"permission_id\", \"type\": \"integer\", \"unsigned\": true, \"defaultTo\": null, \"notNullable\": false}, {\"args\": [], \"name\": \"role_id\", \"type\": \"integer\", \"unsigned\": true, \"defaultTo\": null, \"notNullable\": false}, {\"args\": [], \"name\": \"permission_order\", \"type\": \"double\", \"unsigned\": true, \"defaultTo\": null, \"notNullable\": false}], \"indexes\": [{\"name\": \"admin_permissions_role_links_fk\", \"columns\": [\"permission_id\"]}, {\"name\": \"admin_permissions_role_links_inv_fk\", \"columns\": [\"role_id\"]}, {\"name\": \"admin_permissions_role_links_unique\", \"type\": \"unique\", \"columns\": [\"permission_id\", \"role_id\"]}, {\"name\": \"admin_permissions_role_links_order_inv_fk\", \"columns\": [\"permission_order\"]}], \"foreignKeys\": [{\"name\": \"admin_permissions_role_links_fk\", \"columns\": [\"permission_id\"], \"onDelete\": \"CASCADE\", \"referencedTable\": \"admin_permissions\", \"referencedColumns\": [\"id\"]}, {\"name\": \"admin_permissions_role_links_inv_fk\", \"columns\": [\"role_id\"], \"onDelete\": \"CASCADE\", \"referencedTable\": \"admin_roles\", \"referencedColumns\": [\"id\"]}]}, {\"name\": \"admin_users_roles_links\", \"columns\": [{\"args\": [{\"primary\": true, \"primaryKey\": true}], \"name\": \"id\", \"type\": \"increments\", \"unsigned\": false, \"defaultTo\": null, \"notNullable\": true}, {\"args\": [], \"name\": \"user_id\", \"type\": \"integer\", \"unsigned\": true, \"defaultTo\": null, \"notNullable\": false}, {\"args\": [], \"name\": \"role_id\", \"type\": \"integer\", \"unsigned\": true, \"defaultTo\": null, \"notNullable\": false}, {\"args\": [], \"name\": \"role_order\", \"type\": \"double\", \"unsigned\": true, \"defaultTo\": null, \"notNullable\": false}, {\"args\": [], \"name\": \"user_order\", \"type\": \"double\", \"unsigned\": true, \"defaultTo\": null, \"notNullable\": false}], \"indexes\": [{\"name\": \"admin_users_roles_links_fk\", \"columns\": [\"user_id\"]}, {\"name\": \"admin_users_roles_links_inv_fk\", \"columns\": [\"role_id\"]}, {\"name\": \"admin_users_roles_links_unique\", \"type\": \"unique\", \"columns\": [\"user_id\", \"role_id\"]}, {\"name\": \"admin_users_roles_links_order_fk\", \"columns\": [\"role_order\"]}, {\"name\": \"admin_users_roles_links_order_inv_fk\", \"columns\": [\"user_order\"]}], \"foreignKeys\": [{\"name\": \"admin_users_roles_links_fk\", \"columns\": [\"user_id\"], \"onDelete\": \"CASCADE\", \"referencedTable\": \"admin_users\", \"referencedColumns\": [\"id\"]}, {\"name\": \"admin_users_roles_links_inv_fk\", \"columns\": [\"role_id\"], \"onDelete\": \"CASCADE\", \"referencedTable\": \"admin_roles\", \"referencedColumns\": [\"id\"]}]}, {\"name\": \"strapi_api_token_permissions_token_links\", \"columns\": [{\"args\": [{\"primary\": true, \"primaryKey\": true}], \"name\": \"id\", \"type\": \"increments\", \"unsigned\": false, \"defaultTo\": null, \"notNullable\": true}, {\"args\": [], \"name\": \"api_token_permission_id\", \"type\": \"integer\", \"unsigned\": true, \"defaultTo\": null, \"notNullable\": false}, {\"args\": [], \"name\": \"api_token_id\", \"type\": \"integer\", \"unsigned\": true, \"defaultTo\": null, \"notNullable\": false}, {\"args\": [], \"name\": \"api_token_permission_order\", \"type\": \"double\", \"unsigned\": true, \"defaultTo\": null, \"notNullable\": false}], \"indexes\": [{\"name\": \"strapi_api_token_permissions_token_links_fk\", \"columns\": [\"api_token_permission_id\"]}, {\"name\": \"strapi_api_token_permissions_token_links_inv_fk\", \"columns\": [\"api_token_id\"]}, {\"name\": \"strapi_api_token_permissions_token_links_unique\", \"type\": \"unique\", \"columns\": [\"api_token_permission_id\", \"api_token_id\"]}, {\"name\": \"strapi_api_token_permissions_token_links_order_inv_fk\", \"columns\": [\"api_token_permission_order\"]}], \"foreignKeys\": [{\"name\": \"strapi_api_token_permissions_token_links_fk\", \"columns\": [\"api_token_permission_id\"], \"onDelete\": \"CASCADE\", \"referencedTable\": \"strapi_api_token_permissions\", \"referencedColumns\": [\"id\"]}, {\"name\": \"strapi_api_token_permissions_token_links_inv_fk\", \"columns\": [\"api_token_id\"], \"onDelete\": \"CASCADE\", \"referencedTable\": \"strapi_api_tokens\", \"referencedColumns\": [\"id\"]}]}, {\"name\": \"strapi_transfer_token_permissions_token_links\", \"columns\": [{\"args\": [{\"primary\": true, \"primaryKey\": true}], \"name\": \"id\", \"type\": \"increments\", \"unsigned\": false, \"defaultTo\": null, \"notNullable\": true}, {\"args\": [], \"name\": \"transfer_token_permission_id\", \"type\": \"integer\", \"unsigned\": true, \"defaultTo\": null, \"notNullable\": false}, {\"args\": [], \"name\": \"transfer_token_id\", \"type\": \"integer\", \"unsigned\": true, \"defaultTo\": null, \"notNullable\": false}, {\"args\": [], \"name\": \"transfer_token_permission_order\", \"type\": \"double\", \"unsigned\": true, \"defaultTo\": null, \"notNullable\": false}], \"indexes\": [{\"name\": \"strapi_transfer_token_permissions_token_links_fk\", \"columns\": [\"transfer_token_permission_id\"]}, {\"name\": \"strapi_transfer_token_permissions_token_links_inv_fk\", \"columns\": [\"transfer_token_id\"]}, {\"name\": \"strapi_transfer_token_permissions_token_links_unique\", \"type\": \"unique\", \"columns\": [\"transfer_token_permission_id\", \"transfer_token_id\"]}, {\"name\": \"strapi_transfer_token_permissions_token_links_order_inv_fk\", \"columns\": [\"transfer_token_permission_order\"]}], \"foreignKeys\": [{\"name\": \"strapi_transfer_token_permissions_token_links_fk\", \"columns\": [\"transfer_token_permission_id\"], \"onDelete\": \"CASCADE\", \"referencedTable\": \"strapi_transfer_token_permissions\", \"referencedColumns\": [\"id\"]}, {\"name\": \"strapi_transfer_token_permissions_token_links_inv_fk\", \"columns\": [\"transfer_token_id\"], \"onDelete\": \"CASCADE\", \"referencedTable\": \"strapi_transfer_tokens\", \"referencedColumns\": [\"id\"]}]}, {\"name\": \"products_category_links\", \"columns\": [{\"args\": [{\"primary\": true, \"primaryKey\": true}], \"name\": \"id\", \"type\": \"increments\", \"unsigned\": false, \"defaultTo\": null, \"notNullable\": true}, {\"args\": [], \"name\": \"product_id\", \"type\": \"integer\", \"unsigned\": true, \"defaultTo\": null, \"notNullable\": false}, {\"args\": [], \"name\": \"category_id\", \"type\": \"integer\", \"unsigned\": true, \"defaultTo\": null, \"notNullable\": false}], \"indexes\": [{\"name\": \"products_category_links_fk\", \"columns\": [\"product_id\"]}, {\"name\": \"products_category_links_inv_fk\", \"columns\": [\"category_id\"]}, {\"name\": \"products_category_links_unique\", \"type\": \"unique\", \"columns\": [\"product_id\", \"category_id\"]}], \"foreignKeys\": [{\"name\": \"products_category_links_fk\", \"columns\": [\"product_id\"], \"onDelete\": \"CASCADE\", \"referencedTable\": \"products\", \"referencedColumns\": [\"id\"]}, {\"name\": \"products_category_links_inv_fk\", \"columns\": [\"category_id\"], \"onDelete\": \"CASCADE\", \"referencedTable\": \"categories\", \"referencedColumns\": [\"id\"]}]}, {\"name\": \"files_related_morphs\", \"columns\": [{\"args\": [{\"primary\": true, \"primaryKey\": true}], \"name\": \"id\", \"type\": \"increments\", \"unsigned\": false, \"defaultTo\": null, \"notNullable\": true}, {\"args\": [], \"name\": \"file_id\", \"type\": \"integer\", \"unsigned\": true, \"defaultTo\": null, \"notNullable\": false}, {\"args\": [], \"name\": \"related_id\", \"type\": \"integer\", \"unsigned\": true, \"defaultTo\": null, \"notNullable\": false}, {\"args\": [], \"name\": \"related_type\", \"type\": \"string\", \"unsigned\": false, \"defaultTo\": null, \"notNullable\": false}, {\"args\": [], \"name\": \"field\", \"type\": \"string\", \"unsigned\": false, \"defaultTo\": null, \"notNullable\": false}, {\"args\": [], \"name\": \"order\", \"type\": \"double\", \"unsigned\": true, \"defaultTo\": null, \"notNullable\": false}], \"indexes\": [{\"name\": \"files_related_morphs_fk\", \"columns\": [\"file_id\"]}, {\"name\": \"files_related_morphs_order_index\", \"type\": null, \"columns\": [\"order\"]}, {\"name\": \"files_related_morphs_id_column_index\", \"type\": null, \"columns\": [\"related_id\"]}], \"foreignKeys\": [{\"name\": \"files_related_morphs_fk\", \"columns\": [\"file_id\"], \"onDelete\": \"CASCADE\", \"referencedTable\": \"files\", \"referencedColumns\": [\"id\"]}]}, {\"name\": \"files_folder_links\", \"columns\": [{\"args\": [{\"primary\": true, \"primaryKey\": true}], \"name\": \"id\", \"type\": \"increments\", \"unsigned\": false, \"defaultTo\": null, \"notNullable\": true}, {\"args\": [], \"name\": \"file_id\", \"type\": \"integer\", \"unsigned\": true, \"defaultTo\": null, \"notNullable\": false}, {\"args\": [], \"name\": \"folder_id\", \"type\": \"integer\", \"unsigned\": true, \"defaultTo\": null, \"notNullable\": false}, {\"args\": [], \"name\": \"file_order\", \"type\": \"double\", \"unsigned\": true, \"defaultTo\": null, \"notNullable\": false}], \"indexes\": [{\"name\": \"files_folder_links_fk\", \"columns\": [\"file_id\"]}, {\"name\": \"files_folder_links_inv_fk\", \"columns\": [\"folder_id\"]}, {\"name\": \"files_folder_links_unique\", \"type\": \"unique\", \"columns\": [\"file_id\", \"folder_id\"]}, {\"name\": \"files_folder_links_order_inv_fk\", \"columns\": [\"file_order\"]}], \"foreignKeys\": [{\"name\": \"files_folder_links_fk\", \"columns\": [\"file_id\"], \"onDelete\": \"CASCADE\", \"referencedTable\": \"files\", \"referencedColumns\": [\"id\"]}, {\"name\": \"files_folder_links_inv_fk\", \"columns\": [\"folder_id\"], \"onDelete\": \"CASCADE\", \"referencedTable\": \"upload_folders\", \"referencedColumns\": [\"id\"]}]}, {\"name\": \"upload_folders_parent_links\", \"columns\": [{\"args\": [{\"primary\": true, \"primaryKey\": true}], \"name\": \"id\", \"type\": \"increments\", \"unsigned\": false, \"defaultTo\": null, \"notNullable\": true}, {\"args\": [], \"name\": \"folder_id\", \"type\": \"integer\", \"unsigned\": true, \"defaultTo\": null, \"notNullable\": false}, {\"args\": [], \"name\": \"inv_folder_id\", \"type\": \"integer\", \"unsigned\": true, \"defaultTo\": null, \"notNullable\": false}, {\"args\": [], \"name\": \"folder_order\", \"type\": \"double\", \"unsigned\": true, \"defaultTo\": null, \"notNullable\": false}], \"indexes\": [{\"name\": \"upload_folders_parent_links_fk\", \"columns\": [\"folder_id\"]}, {\"name\": \"upload_folders_parent_links_inv_fk\", \"columns\": [\"inv_folder_id\"]}, {\"name\": \"upload_folders_parent_links_unique\", \"type\": \"unique\", \"columns\": [\"folder_id\", \"inv_folder_id\"]}, {\"name\": \"upload_folders_parent_links_order_inv_fk\", \"columns\": [\"folder_order\"]}], \"foreignKeys\": [{\"name\": \"upload_folders_parent_links_fk\", \"columns\": [\"folder_id\"], \"onDelete\": \"CASCADE\", \"referencedTable\": \"upload_folders\", \"referencedColumns\": [\"id\"]}, {\"name\": \"upload_folders_parent_links_inv_fk\", \"columns\": [\"inv_folder_id\"], \"onDelete\": \"CASCADE\", \"referencedTable\": \"upload_folders\", \"referencedColumns\": [\"id\"]}]}, {\"name\": \"up_permissions_role_links\", \"columns\": [{\"args\": [{\"primary\": true, \"primaryKey\": true}], \"name\": \"id\", \"type\": \"increments\", \"unsigned\": false, \"defaultTo\": null, \"notNullable\": true}, {\"args\": [], \"name\": \"permission_id\", \"type\": \"integer\", \"unsigned\": true, \"defaultTo\": null, \"notNullable\": false}, {\"args\": [], \"name\": \"role_id\", \"type\": \"integer\", \"unsigned\": true, \"defaultTo\": null, \"notNullable\": false}, {\"args\": [], \"name\": \"permission_order\", \"type\": \"double\", \"unsigned\": true, \"defaultTo\": null, \"notNullable\": false}], \"indexes\": [{\"name\": \"up_permissions_role_links_fk\", \"columns\": [\"permission_id\"]}, {\"name\": \"up_permissions_role_links_inv_fk\", \"columns\": [\"role_id\"]}, {\"name\": \"up_permissions_role_links_unique\", \"type\": \"unique\", \"columns\": [\"permission_id\", \"role_id\"]}, {\"name\": \"up_permissions_role_links_order_inv_fk\", \"columns\": [\"permission_order\"]}], \"foreignKeys\": [{\"name\": \"up_permissions_role_links_fk\", \"columns\": [\"permission_id\"], \"onDelete\": \"CASCADE\", \"referencedTable\": \"up_permissions\", \"referencedColumns\": [\"id\"]}, {\"name\": \"up_permissions_role_links_inv_fk\", \"columns\": [\"role_id\"], \"onDelete\": \"CASCADE\", \"referencedTable\": \"up_roles\", \"referencedColumns\": [\"id\"]}]}, {\"name\": \"up_users_role_links\", \"columns\": [{\"args\": [{\"primary\": true, \"primaryKey\": true}], \"name\": \"id\", \"type\": \"increments\", \"unsigned\": false, \"defaultTo\": null, \"notNullable\": true}, {\"args\": [], \"name\": \"user_id\", \"type\": \"integer\", \"unsigned\": true, \"defaultTo\": null, \"notNullable\": false}, {\"args\": [], \"name\": \"role_id\", \"type\": \"integer\", \"unsigned\": true, \"defaultTo\": null, \"notNullable\": false}, {\"args\": [], \"name\": \"user_order\", \"type\": \"double\", \"unsigned\": true, \"defaultTo\": null, \"notNullable\": false}], \"indexes\": [{\"name\": \"up_users_role_links_fk\", \"columns\": [\"user_id\"]}, {\"name\": \"up_users_role_links_inv_fk\", \"columns\": [\"role_id\"]}, {\"name\": \"up_users_role_links_unique\", \"type\": \"unique\", \"columns\": [\"user_id\", \"role_id\"]}, {\"name\": \"up_users_role_links_order_inv_fk\", \"columns\": [\"user_order\"]}], \"foreignKeys\": [{\"name\": \"up_users_role_links_fk\", \"columns\": [\"user_id\"], \"onDelete\": \"CASCADE\", \"referencedTable\": \"up_users\", \"referencedColumns\": [\"id\"]}, {\"name\": \"up_users_role_links_inv_fk\", \"columns\": [\"role_id\"], \"onDelete\": \"CASCADE\", \"referencedTable\": \"up_roles\", \"referencedColumns\": [\"id\"]}]}]}','2023-09-24 21:08:38','5aea7c1c60c74815ddcb14f1d892427d');
/*!40000 ALTER TABLE `strapi_database_schema` ENABLE KEYS */;
UNLOCK TABLES;

--
-- Table structure for table `strapi_migrations`
--

DROP TABLE IF EXISTS `strapi_migrations`;
/*!40101 SET @saved_cs_client     = @@character_set_client */;
/*!50503 SET character_set_client = utf8mb4 */;
CREATE TABLE `strapi_migrations` (
  `id` int unsigned NOT NULL AUTO_INCREMENT,
  `name` varchar(255) DEFAULT NULL,
  `time` datetime DEFAULT NULL,
  PRIMARY KEY (`id`)
) ENGINE=InnoDB DEFAULT CHARSET=utf8mb4 COLLATE=utf8mb4_0900_ai_ci;
/*!40101 SET character_set_client = @saved_cs_client */;

--
-- Dumping data for table `strapi_migrations`
--

LOCK TABLES `strapi_migrations` WRITE;
/*!40000 ALTER TABLE `strapi_migrations` DISABLE KEYS */;
/*!40000 ALTER TABLE `strapi_migrations` ENABLE KEYS */;
UNLOCK TABLES;

--
-- Table structure for table `strapi_transfer_token_permissions`
--

DROP TABLE IF EXISTS `strapi_transfer_token_permissions`;
/*!40101 SET @saved_cs_client     = @@character_set_client */;
/*!50503 SET character_set_client = utf8mb4 */;
CREATE TABLE `strapi_transfer_token_permissions` (
  `id` int unsigned NOT NULL AUTO_INCREMENT,
  `action` varchar(255) DEFAULT NULL,
  `created_at` datetime(6) DEFAULT NULL,
  `updated_at` datetime(6) DEFAULT NULL,
  `created_by_id` int unsigned DEFAULT NULL,
  `updated_by_id` int unsigned DEFAULT NULL,
  PRIMARY KEY (`id`),
  KEY `strapi_transfer_token_permissions_created_by_id_fk` (`created_by_id`),
  KEY `strapi_transfer_token_permissions_updated_by_id_fk` (`updated_by_id`),
  CONSTRAINT `strapi_transfer_token_permissions_created_by_id_fk` FOREIGN KEY (`created_by_id`) REFERENCES `admin_users` (`id`) ON DELETE SET NULL,
  CONSTRAINT `strapi_transfer_token_permissions_updated_by_id_fk` FOREIGN KEY (`updated_by_id`) REFERENCES `admin_users` (`id`) ON DELETE SET NULL
) ENGINE=InnoDB DEFAULT CHARSET=utf8mb4 COLLATE=utf8mb4_0900_ai_ci;
/*!40101 SET character_set_client = @saved_cs_client */;

--
-- Dumping data for table `strapi_transfer_token_permissions`
--

LOCK TABLES `strapi_transfer_token_permissions` WRITE;
/*!40000 ALTER TABLE `strapi_transfer_token_permissions` DISABLE KEYS */;
/*!40000 ALTER TABLE `strapi_transfer_token_permissions` ENABLE KEYS */;
UNLOCK TABLES;

--
-- Table structure for table `strapi_transfer_token_permissions_token_links`
--

DROP TABLE IF EXISTS `strapi_transfer_token_permissions_token_links`;
/*!40101 SET @saved_cs_client     = @@character_set_client */;
/*!50503 SET character_set_client = utf8mb4 */;
CREATE TABLE `strapi_transfer_token_permissions_token_links` (
  `id` int unsigned NOT NULL AUTO_INCREMENT,
  `transfer_token_permission_id` int unsigned DEFAULT NULL,
  `transfer_token_id` int unsigned DEFAULT NULL,
  `transfer_token_permission_order` double unsigned DEFAULT NULL,
  PRIMARY KEY (`id`),
  UNIQUE KEY `strapi_transfer_token_permissions_token_links_unique` (`transfer_token_permission_id`,`transfer_token_id`),
  KEY `strapi_transfer_token_permissions_token_links_fk` (`transfer_token_permission_id`),
  KEY `strapi_transfer_token_permissions_token_links_inv_fk` (`transfer_token_id`),
  KEY `strapi_transfer_token_permissions_token_links_order_inv_fk` (`transfer_token_permission_order`),
  CONSTRAINT `strapi_transfer_token_permissions_token_links_fk` FOREIGN KEY (`transfer_token_permission_id`) REFERENCES `strapi_transfer_token_permissions` (`id`) ON DELETE CASCADE,
  CONSTRAINT `strapi_transfer_token_permissions_token_links_inv_fk` FOREIGN KEY (`transfer_token_id`) REFERENCES `strapi_transfer_tokens` (`id`) ON DELETE CASCADE
) ENGINE=InnoDB DEFAULT CHARSET=utf8mb4 COLLATE=utf8mb4_0900_ai_ci;
/*!40101 SET character_set_client = @saved_cs_client */;

--
-- Dumping data for table `strapi_transfer_token_permissions_token_links`
--

LOCK TABLES `strapi_transfer_token_permissions_token_links` WRITE;
/*!40000 ALTER TABLE `strapi_transfer_token_permissions_token_links` DISABLE KEYS */;
/*!40000 ALTER TABLE `strapi_transfer_token_permissions_token_links` ENABLE KEYS */;
UNLOCK TABLES;

--
-- Table structure for table `strapi_transfer_tokens`
--

DROP TABLE IF EXISTS `strapi_transfer_tokens`;
/*!40101 SET @saved_cs_client     = @@character_set_client */;
/*!50503 SET character_set_client = utf8mb4 */;
CREATE TABLE `strapi_transfer_tokens` (
  `id` int unsigned NOT NULL AUTO_INCREMENT,
  `name` varchar(255) DEFAULT NULL,
  `description` varchar(255) DEFAULT NULL,
  `access_key` varchar(255) DEFAULT NULL,
  `last_used_at` datetime(6) DEFAULT NULL,
  `expires_at` datetime(6) DEFAULT NULL,
  `lifespan` bigint DEFAULT NULL,
  `created_at` datetime(6) DEFAULT NULL,
  `updated_at` datetime(6) DEFAULT NULL,
  `created_by_id` int unsigned DEFAULT NULL,
  `updated_by_id` int unsigned DEFAULT NULL,
  PRIMARY KEY (`id`),
  KEY `strapi_transfer_tokens_created_by_id_fk` (`created_by_id`),
  KEY `strapi_transfer_tokens_updated_by_id_fk` (`updated_by_id`),
  CONSTRAINT `strapi_transfer_tokens_created_by_id_fk` FOREIGN KEY (`created_by_id`) REFERENCES `admin_users` (`id`) ON DELETE SET NULL,
  CONSTRAINT `strapi_transfer_tokens_updated_by_id_fk` FOREIGN KEY (`updated_by_id`) REFERENCES `admin_users` (`id`) ON DELETE SET NULL
) ENGINE=InnoDB DEFAULT CHARSET=utf8mb4 COLLATE=utf8mb4_0900_ai_ci;
/*!40101 SET character_set_client = @saved_cs_client */;

--
-- Dumping data for table `strapi_transfer_tokens`
--

LOCK TABLES `strapi_transfer_tokens` WRITE;
/*!40000 ALTER TABLE `strapi_transfer_tokens` DISABLE KEYS */;
/*!40000 ALTER TABLE `strapi_transfer_tokens` ENABLE KEYS */;
UNLOCK TABLES;

--
-- Table structure for table `strapi_webhooks`
--

DROP TABLE IF EXISTS `strapi_webhooks`;
/*!40101 SET @saved_cs_client     = @@character_set_client */;
/*!50503 SET character_set_client = utf8mb4 */;
CREATE TABLE `strapi_webhooks` (
  `id` int unsigned NOT NULL AUTO_INCREMENT,
  `name` varchar(255) DEFAULT NULL,
  `url` longtext,
  `headers` json DEFAULT NULL,
  `events` json DEFAULT NULL,
  `enabled` tinyint(1) DEFAULT NULL,
  PRIMARY KEY (`id`)
) ENGINE=InnoDB DEFAULT CHARSET=utf8mb4 COLLATE=utf8mb4_0900_ai_ci;
/*!40101 SET character_set_client = @saved_cs_client */;

--
-- Dumping data for table `strapi_webhooks`
--

LOCK TABLES `strapi_webhooks` WRITE;
/*!40000 ALTER TABLE `strapi_webhooks` DISABLE KEYS */;
/*!40000 ALTER TABLE `strapi_webhooks` ENABLE KEYS */;
UNLOCK TABLES;

--
-- Table structure for table `up_permissions`
--

DROP TABLE IF EXISTS `up_permissions`;
/*!40101 SET @saved_cs_client     = @@character_set_client */;
/*!50503 SET character_set_client = utf8mb4 */;
CREATE TABLE `up_permissions` (
  `id` int unsigned NOT NULL AUTO_INCREMENT,
  `action` varchar(255) DEFAULT NULL,
  `created_at` datetime(6) DEFAULT NULL,
  `updated_at` datetime(6) DEFAULT NULL,
  `created_by_id` int unsigned DEFAULT NULL,
  `updated_by_id` int unsigned DEFAULT NULL,
  PRIMARY KEY (`id`),
  KEY `up_permissions_created_by_id_fk` (`created_by_id`),
  KEY `up_permissions_updated_by_id_fk` (`updated_by_id`),
  CONSTRAINT `up_permissions_created_by_id_fk` FOREIGN KEY (`created_by_id`) REFERENCES `admin_users` (`id`) ON DELETE SET NULL,
  CONSTRAINT `up_permissions_updated_by_id_fk` FOREIGN KEY (`updated_by_id`) REFERENCES `admin_users` (`id`) ON DELETE SET NULL
) ENGINE=InnoDB AUTO_INCREMENT=10 DEFAULT CHARSET=utf8mb4 COLLATE=utf8mb4_0900_ai_ci;
/*!40101 SET character_set_client = @saved_cs_client */;

--
-- Dumping data for table `up_permissions`
--

LOCK TABLES `up_permissions` WRITE;
/*!40000 ALTER TABLE `up_permissions` DISABLE KEYS */;
INSERT INTO `up_permissions` VALUES (1,'plugin::users-permissions.user.me','2023-09-05 23:05:03.117000','2023-09-05 23:05:03.117000',NULL,NULL),(2,'plugin::users-permissions.auth.changePassword','2023-09-05 23:05:03.117000','2023-09-05 23:05:03.117000',NULL,NULL),(3,'plugin::users-permissions.auth.callback','2023-09-05 23:05:03.126000','2023-09-05 23:05:03.126000',NULL,NULL),(4,'plugin::users-permissions.auth.connect','2023-09-05 23:05:03.126000','2023-09-05 23:05:03.126000',NULL,NULL),(5,'plugin::users-permissions.auth.forgotPassword','2023-09-05 23:05:03.126000','2023-09-05 23:05:03.126000',NULL,NULL),(6,'plugin::users-permissions.auth.resetPassword','2023-09-05 23:05:03.126000','2023-09-05 23:05:03.126000',NULL,NULL),(7,'plugin::users-permissions.auth.register','2023-09-05 23:05:03.126000','2023-09-05 23:05:03.126000',NULL,NULL),(8,'plugin::users-permissions.auth.emailConfirmation','2023-09-05 23:05:03.126000','2023-09-05 23:05:03.126000',NULL,NULL),(9,'plugin::users-permissions.auth.sendEmailConfirmation','2023-09-05 23:05:03.126000','2023-09-05 23:05:03.126000',NULL,NULL);
/*!40000 ALTER TABLE `up_permissions` ENABLE KEYS */;
UNLOCK TABLES;

--
-- Table structure for table `up_permissions_role_links`
--

DROP TABLE IF EXISTS `up_permissions_role_links`;
/*!40101 SET @saved_cs_client     = @@character_set_client */;
/*!50503 SET character_set_client = utf8mb4 */;
CREATE TABLE `up_permissions_role_links` (
  `id` int unsigned NOT NULL AUTO_INCREMENT,
  `permission_id` int unsigned DEFAULT NULL,
  `role_id` int unsigned DEFAULT NULL,
  `permission_order` double unsigned DEFAULT NULL,
  PRIMARY KEY (`id`),
  UNIQUE KEY `up_permissions_role_links_unique` (`permission_id`,`role_id`),
  KEY `up_permissions_role_links_fk` (`permission_id`),
  KEY `up_permissions_role_links_inv_fk` (`role_id`),
  KEY `up_permissions_role_links_order_inv_fk` (`permission_order`),
  CONSTRAINT `up_permissions_role_links_fk` FOREIGN KEY (`permission_id`) REFERENCES `up_permissions` (`id`) ON DELETE CASCADE,
  CONSTRAINT `up_permissions_role_links_inv_fk` FOREIGN KEY (`role_id`) REFERENCES `up_roles` (`id`) ON DELETE CASCADE
) ENGINE=InnoDB AUTO_INCREMENT=10 DEFAULT CHARSET=utf8mb4 COLLATE=utf8mb4_0900_ai_ci;
/*!40101 SET character_set_client = @saved_cs_client */;

--
-- Dumping data for table `up_permissions_role_links`
--

LOCK TABLES `up_permissions_role_links` WRITE;
/*!40000 ALTER TABLE `up_permissions_role_links` DISABLE KEYS */;
INSERT INTO `up_permissions_role_links` VALUES (1,1,1,1),(2,2,1,1),(3,3,2,1),(4,4,2,1),(5,5,2,1),(6,6,2,1),(7,7,2,2),(8,8,2,2),(9,9,2,2);
/*!40000 ALTER TABLE `up_permissions_role_links` ENABLE KEYS */;
UNLOCK TABLES;

--
-- Table structure for table `up_roles`
--

DROP TABLE IF EXISTS `up_roles`;
/*!40101 SET @saved_cs_client     = @@character_set_client */;
/*!50503 SET character_set_client = utf8mb4 */;
CREATE TABLE `up_roles` (
  `id` int unsigned NOT NULL AUTO_INCREMENT,
  `name` varchar(255) DEFAULT NULL,
  `description` varchar(255) DEFAULT NULL,
  `type` varchar(255) DEFAULT NULL,
  `created_at` datetime(6) DEFAULT NULL,
  `updated_at` datetime(6) DEFAULT NULL,
  `created_by_id` int unsigned DEFAULT NULL,
  `updated_by_id` int unsigned DEFAULT NULL,
  PRIMARY KEY (`id`),
  KEY `up_roles_created_by_id_fk` (`created_by_id`),
  KEY `up_roles_updated_by_id_fk` (`updated_by_id`),
  CONSTRAINT `up_roles_created_by_id_fk` FOREIGN KEY (`created_by_id`) REFERENCES `admin_users` (`id`) ON DELETE SET NULL,
  CONSTRAINT `up_roles_updated_by_id_fk` FOREIGN KEY (`updated_by_id`) REFERENCES `admin_users` (`id`) ON DELETE SET NULL
) ENGINE=InnoDB AUTO_INCREMENT=3 DEFAULT CHARSET=utf8mb4 COLLATE=utf8mb4_0900_ai_ci;
/*!40101 SET character_set_client = @saved_cs_client */;

--
-- Dumping data for table `up_roles`
--

LOCK TABLES `up_roles` WRITE;
/*!40000 ALTER TABLE `up_roles` DISABLE KEYS */;
INSERT INTO `up_roles` VALUES (1,'Authenticated','Default role given to authenticated user.','authenticated','2023-09-05 23:05:03.107000','2023-09-05 23:05:03.107000',NULL,NULL),(2,'Public','Default role given to unauthenticated user.','public','2023-09-05 23:05:03.111000','2023-09-05 23:05:03.111000',NULL,NULL);
/*!40000 ALTER TABLE `up_roles` ENABLE KEYS */;
UNLOCK TABLES;

--
-- Table structure for table `up_users`
--

DROP TABLE IF EXISTS `up_users`;
/*!40101 SET @saved_cs_client     = @@character_set_client */;
/*!50503 SET character_set_client = utf8mb4 */;
CREATE TABLE `up_users` (
  `id` int unsigned NOT NULL AUTO_INCREMENT,
  `username` varchar(255) DEFAULT NULL,
  `email` varchar(255) DEFAULT NULL,
  `provider` varchar(255) DEFAULT NULL,
  `password` varchar(255) DEFAULT NULL,
  `reset_password_token` varchar(255) DEFAULT NULL,
  `confirmation_token` varchar(255) DEFAULT NULL,
  `confirmed` tinyint(1) DEFAULT NULL,
  `blocked` tinyint(1) DEFAULT NULL,
  `created_at` datetime(6) DEFAULT NULL,
  `updated_at` datetime(6) DEFAULT NULL,
  `created_by_id` int unsigned DEFAULT NULL,
  `updated_by_id` int unsigned DEFAULT NULL,
  PRIMARY KEY (`id`),
  KEY `up_users_created_by_id_fk` (`created_by_id`),
  KEY `up_users_updated_by_id_fk` (`updated_by_id`),
  CONSTRAINT `up_users_created_by_id_fk` FOREIGN KEY (`created_by_id`) REFERENCES `admin_users` (`id`) ON DELETE SET NULL,
  CONSTRAINT `up_users_updated_by_id_fk` FOREIGN KEY (`updated_by_id`) REFERENCES `admin_users` (`id`) ON DELETE SET NULL
) ENGINE=InnoDB DEFAULT CHARSET=utf8mb4 COLLATE=utf8mb4_0900_ai_ci;
/*!40101 SET character_set_client = @saved_cs_client */;

--
-- Dumping data for table `up_users`
--

LOCK TABLES `up_users` WRITE;
/*!40000 ALTER TABLE `up_users` DISABLE KEYS */;
/*!40000 ALTER TABLE `up_users` ENABLE KEYS */;
UNLOCK TABLES;

--
-- Table structure for table `up_users_role_links`
--

DROP TABLE IF EXISTS `up_users_role_links`;
/*!40101 SET @saved_cs_client     = @@character_set_client */;
/*!50503 SET character_set_client = utf8mb4 */;
CREATE TABLE `up_users_role_links` (
  `id` int unsigned NOT NULL AUTO_INCREMENT,
  `user_id` int unsigned DEFAULT NULL,
  `role_id` int unsigned DEFAULT NULL,
  `user_order` double unsigned DEFAULT NULL,
  PRIMARY KEY (`id`),
  UNIQUE KEY `up_users_role_links_unique` (`user_id`,`role_id`),
  KEY `up_users_role_links_fk` (`user_id`),
  KEY `up_users_role_links_inv_fk` (`role_id`),
  KEY `up_users_role_links_order_inv_fk` (`user_order`),
  CONSTRAINT `up_users_role_links_fk` FOREIGN KEY (`user_id`) REFERENCES `up_users` (`id`) ON DELETE CASCADE,
  CONSTRAINT `up_users_role_links_inv_fk` FOREIGN KEY (`role_id`) REFERENCES `up_roles` (`id`) ON DELETE CASCADE
) ENGINE=InnoDB DEFAULT CHARSET=utf8mb4 COLLATE=utf8mb4_0900_ai_ci;
/*!40101 SET character_set_client = @saved_cs_client */;

--
-- Dumping data for table `up_users_role_links`
--

LOCK TABLES `up_users_role_links` WRITE;
/*!40000 ALTER TABLE `up_users_role_links` DISABLE KEYS */;
/*!40000 ALTER TABLE `up_users_role_links` ENABLE KEYS */;
UNLOCK TABLES;

--
-- Table structure for table `upload_folders`
--

DROP TABLE IF EXISTS `upload_folders`;
/*!40101 SET @saved_cs_client     = @@character_set_client */;
/*!50503 SET character_set_client = utf8mb4 */;
CREATE TABLE `upload_folders` (
  `id` int unsigned NOT NULL AUTO_INCREMENT,
  `name` varchar(255) DEFAULT NULL,
  `path_id` int DEFAULT NULL,
  `path` varchar(255) DEFAULT NULL,
  `created_at` datetime(6) DEFAULT NULL,
  `updated_at` datetime(6) DEFAULT NULL,
  `created_by_id` int unsigned DEFAULT NULL,
  `updated_by_id` int unsigned DEFAULT NULL,
  PRIMARY KEY (`id`),
  UNIQUE KEY `upload_folders_path_id_index` (`path_id`),
  UNIQUE KEY `upload_folders_path_index` (`path`),
  KEY `upload_folders_created_by_id_fk` (`created_by_id`),
  KEY `upload_folders_updated_by_id_fk` (`updated_by_id`),
  CONSTRAINT `upload_folders_created_by_id_fk` FOREIGN KEY (`created_by_id`) REFERENCES `admin_users` (`id`) ON DELETE SET NULL,
  CONSTRAINT `upload_folders_updated_by_id_fk` FOREIGN KEY (`updated_by_id`) REFERENCES `admin_users` (`id`) ON DELETE SET NULL
) ENGINE=InnoDB AUTO_INCREMENT=2 DEFAULT CHARSET=utf8mb4 COLLATE=utf8mb4_0900_ai_ci;
/*!40101 SET character_set_client = @saved_cs_client */;

--
-- Dumping data for table `upload_folders`
--

LOCK TABLES `upload_folders` WRITE;
/*!40000 ALTER TABLE `upload_folders` DISABLE KEYS */;
INSERT INTO `upload_folders` VALUES (1,'Products',1,'/1','2023-09-05 23:29:59.182000','2023-09-05 23:29:59.182000',1,1);
/*!40000 ALTER TABLE `upload_folders` ENABLE KEYS */;
UNLOCK TABLES;

--
-- Table structure for table `upload_folders_parent_links`
--

DROP TABLE IF EXISTS `upload_folders_parent_links`;
/*!40101 SET @saved_cs_client     = @@character_set_client */;
/*!50503 SET character_set_client = utf8mb4 */;
CREATE TABLE `upload_folders_parent_links` (
  `id` int unsigned NOT NULL AUTO_INCREMENT,
  `folder_id` int unsigned DEFAULT NULL,
  `inv_folder_id` int unsigned DEFAULT NULL,
  `folder_order` double unsigned DEFAULT NULL,
  PRIMARY KEY (`id`),
  UNIQUE KEY `upload_folders_parent_links_unique` (`folder_id`,`inv_folder_id`),
  KEY `upload_folders_parent_links_fk` (`folder_id`),
  KEY `upload_folders_parent_links_inv_fk` (`inv_folder_id`),
  KEY `upload_folders_parent_links_order_inv_fk` (`folder_order`),
  CONSTRAINT `upload_folders_parent_links_fk` FOREIGN KEY (`folder_id`) REFERENCES `upload_folders` (`id`) ON DELETE CASCADE,
  CONSTRAINT `upload_folders_parent_links_inv_fk` FOREIGN KEY (`inv_folder_id`) REFERENCES `upload_folders` (`id`) ON DELETE CASCADE
) ENGINE=InnoDB DEFAULT CHARSET=utf8mb4 COLLATE=utf8mb4_0900_ai_ci;
/*!40101 SET character_set_client = @saved_cs_client */;

--
-- Dumping data for table `upload_folders_parent_links`
--

LOCK TABLES `upload_folders_parent_links` WRITE;
/*!40000 ALTER TABLE `upload_folders_parent_links` DISABLE KEYS */;
/*!40000 ALTER TABLE `upload_folders_parent_links` ENABLE KEYS */;
UNLOCK TABLES;
/*!40103 SET TIME_ZONE=@OLD_TIME_ZONE */;

/*!40101 SET SQL_MODE=@OLD_SQL_MODE */;
/*!40014 SET FOREIGN_KEY_CHECKS=@OLD_FOREIGN_KEY_CHECKS */;
/*!40014 SET UNIQUE_CHECKS=@OLD_UNIQUE_CHECKS */;
/*!40101 SET CHARACTER_SET_CLIENT=@OLD_CHARACTER_SET_CLIENT */;
/*!40101 SET CHARACTER_SET_RESULTS=@OLD_CHARACTER_SET_RESULTS */;
/*!40101 SET COLLATION_CONNECTION=@OLD_COLLATION_CONNECTION */;
/*!40111 SET SQL_NOTES=@OLD_SQL_NOTES */;

-- Dump completed on 2023-09-26 11:33:25
